"id","sport_key","sport_title","commence_time","home_team","away_team","bookmakers"
"c46eac1921f37e8e78e74c8604db7932","boxing_boxing","Boxing","2024-06-01T17:00:00Z","Hamzah Sheeraz","Austin Williams","[{""key"":""unibet_uk"",""title"":""Unibet"",""last_update"":""2024-05-27T12:07:06Z"",""markets"":[{""key"":""h2h"",""last_update"":""2024-05-27T12:07:06Z"",""outcomes"":[{""name"":""Austin Williams"",""price"":2.75},{""name"":""Hamzah Sheeraz"",""price"":1.43},{""name"":""Draw"",""price"":19}]}]},{""key"":""leovegas"",""title"":""LeoVegas"",""last_update"":""2024-05-27T12:07:06Z"",""markets"":[{""key"":""h2h"",""last_update"":""2024-05-27T12:07:06Z"",""outcomes"":[{""name"":""Austin Williams"",""price"":2.65},{""name"":""Hamzah Sheeraz"",""price"":1.43},{""name"":""Draw"",""price"":14}]}]},{""key"":""grosvenor"",""title"":""Grosvenor"",""last_update"":""2024-05-27T12:07:44Z"",""markets"":[{""key"":""h2h"",""last_update"":""2024-05-27T12:07:44Z"",""outcomes"":[{""name"":""Austin Williams"",""price"":2.75},{""name"":""Hamzah Sheeraz"",""price"":1.43},{""name"":""Draw"",""price"":19}]}]},{""key"":""paddypower"",""title"":""Paddy Power"",""last_update"":""2024-05-27T12:07:29Z"",""markets"":[{""key"":""h2h"",""last_update"":""2024-05-27T12:07:29Z"",""outcomes"":[{""name"":""Austin Williams"",""price"":2.8},{""name"":""Hamzah Sheeraz"",""price"":1.44},{""name"":""Draw"",""price"":17}]}]},{""key"":""betfair_sb_uk"",""title"":""Betfair Sportsbook"",""last_update"":""2024-05-27T12:07:39Z"",""markets"":[{""key"":""h2h"",""last_update"":""2024-05-27T12:07:39Z"",""outcomes"":[{""name"":""Austin Williams"",""price"":2.8},{""name"":""Hamzah Sheeraz"",""price"":1.44},{""name"":""Draw"",""price"":17}]}]},{""key"":""virginbet"",""title"":""Virgin Bet"",""last_update"":""2024-05-27T12:07:20Z"",""markets"":[{""key"":""h2h"",""last_update"":""2024-05-27T12:07:20Z"",""outcomes"":[{""name"":""Austin Williams"",""price"":2.9},{""name"":""Hamzah Sheeraz"",""price"":1.36}]}]},{""key"":""livescorebet"",""title"":""LiveScore Bet"",""last_update"":""2024-05-27T12:07:25Z"",""markets"":[{""key"":""h2h"",""last_update"":""2024-05-27T12:07:25Z"",""outcomes"":[{""name"":""Austin Williams"",""price"":2.9},{""name"":""Hamzah Sheeraz"",""price"":1.36}]}]},{""key"":""betfair_ex_uk"",""title"":""Betfair"",""last_update"":""2024-05-27T12:06:53Z"",""markets"":[{""key"":""h2h"",""last_update"":""2024-05-27T12:06:53Z"",""outcomes"":[{""name"":""Austin Williams"",""price"":2.98},{""name"":""Hamzah Sheeraz"",""price"":1.57},{""name"":""Draw"",""price"":16}]},{""key"":""h2h_lay"",""last_update"":""2024-05-27T12:06:53Z"",""outcomes"":[{""name"":""Austin Williams"",""price"":3.2},{""name"":""Hamzah Sheeraz"",""price"":1.65},{""name"":""Draw"",""price"":36}]}]},{""key"":""coral"",""title"":""Coral"",""last_update"":""2024-05-27T12:07:17Z"",""markets"":[{""key"":""h2h"",""last_update"":""2024-05-27T12:07:17Z"",""outcomes"":[{""name"":""Austin Williams"",""price"":2.62},{""name"":""Hamzah Sheeraz"",""price"":1.5},{""name"":""Draw"",""price"":19}]}]},{""key"":""betway"",""title"":""Betway"",""last_update"":""2024-05-27T12:06:41Z"",""markets"":[{""key"":""h2h"",""last_update"":""2024-05-27T12:06:41Z"",""outcomes"":[{""name"":""Austin Williams"",""price"":2.75},{""name"":""Hamzah Sheeraz"",""price"":1.44},{""name"":""Draw"",""price"":19}]}]},{""key"":""sport888"",""title"":""888sport"",""last_update"":""2024-05-27T12:07:43Z"",""markets"":[{""key"":""h2h"",""last_update"":""2024-05-27T12:07:43Z"",""outcomes"":[{""name"":""Austin Williams"",""price"":2.62},{""name"":""Hamzah Sheeraz"",""price"":1.44},{""name"":""Draw"",""price"":19}]}]}]"
"ae01949e18b379b50f481d38b8f82c5b","boxing_boxing","Boxing","2024-06-01T17:00:00Z","Willy Hutchinson","Craig Richards","[{""key"":""unibet_uk"",""title"":""Unibet"",""last_update"":""2024-05-27T12:07:06Z"",""markets"":[{""key"":""h2h"",""last_update"":""2024-05-27T12:07:06Z"",""outcomes"":[{""name"":""Craig Richards"",""price"":1.73},{""name"":""Willy Hutchinson"",""price"":2.07},{""name"":""Draw"",""price"":19}]}]},{""key"":""leovegas"",""title"":""LeoVegas"",""last_update"":""2024-05-27T12:07:06Z"",""markets"":[{""key"":""h2h"",""last_update"":""2024-05-27T12:07:06Z"",""outcomes"":[{""name"":""Craig Richards"",""price"":1.71},{""name"":""Willy Hutchinson"",""price"":2.02},{""name"":""Draw"",""price"":14}]}]},{""key"":""grosvenor"",""title"":""Grosvenor"",""last_update"":""2024-05-27T12:07:44Z"",""markets"":[{""key"":""h2h"",""last_update"":""2024-05-27T12:07:44Z"",""outcomes"":[{""name"":""Craig Richards"",""price"":1.73},{""name"":""Willy Hutchinson"",""price"":2.07},{""name"":""Draw"",""price"":19}]}]},{""key"":""virginbet"",""title"":""Virgin Bet"",""last_update"":""2024-05-27T12:07:20Z"",""markets"":[{""key"":""h2h"",""last_update"":""2024-05-27T12:07:20Z"",""outcomes"":[{""name"":""Craig Richards"",""price"":1.57},{""name"":""Willy Hutchinson"",""price"":2.25}]}]},{""key"":""livescorebet"",""title"":""LiveScore Bet"",""last_update"":""2024-05-27T12:07:25Z"",""markets"":[{""key"":""h2h"",""last_update"":""2024-05-27T12:07:25Z"",""outcomes"":[{""name"":""Craig Richards"",""price"":1.57},{""name"":""Willy Hutchinson"",""price"":2.25}]}]},{""key"":""betfair_sb_uk"",""title"":""Betfair Sportsbook"",""last_update"":""2024-05-27T12:07:39Z"",""markets"":[{""key"":""h2h"",""last_update"":""2024-05-27T12:07:39Z"",""outcomes"":[{""name"":""Craig Richards"",""price"":1.67},{""name"":""Willy Hutchinson"",""price"":2.2},{""name"":""Draw"",""price"":17}]}]},{""key"":""paddypower"",""title"":""Paddy Power"",""last_update"":""2024-05-27T12:07:29Z"",""markets"":[{""key"":""h2h"",""last_update"":""2024-05-27T12:07:29Z"",""outcomes"":[{""name"":""Craig Richards"",""price"":1.67},{""name"":""Willy Hutchinson"",""price"":2.2},{""name"":""Draw"",""price"":17}]}]},{""key"":""coral"",""title"":""Coral"",""last_update"":""2024-05-27T12:07:17Z"",""markets"":[{""key"":""h2h"",""last_update"":""2024-05-27T12:07:17Z"",""outcomes"":[{""name"":""Craig Richards"",""price"":1.67},{""name"":""Willy Hutchinson"",""price"":2.25},{""name"":""Draw"",""price"":17}]}]},{""key"":""betway"",""title"":""Betway"",""last_update"":""2024-05-27T12:06:41Z"",""markets"":[{""key"":""h2h"",""last_update"":""2024-05-27T12:06:41Z"",""outcomes"":[{""name"":""Craig Richards"",""price"":1.67},{""name"":""Willy Hutchinson"",""price"":2.2},{""name"":""Draw"",""price"":19}]}]},{""key"":""betfair_ex_uk"",""title"":""Betfair"",""last_update"":""2024-05-27T12:06:53Z"",""markets"":[{""key"":""h2h"",""last_update"":""2024-05-27T12:06:53Z"",""outcomes"":[{""name"":""Craig Richards"",""price"":1.8},{""name"":""Willy Hutchinson"",""price"":2.38},{""name"":""Draw"",""price"":16}]},{""key"":""h2h_lay"",""last_update"":""2024-05-27T12:06:53Z"",""outcomes"":[{""name"":""Craig Richards"",""price"":1.94},{""name"":""Willy Hutchinson"",""price"":2.62},{""name"":""Draw"",""price"":48}]}]},{""key"":""sport888"",""title"":""888sport"",""last_update"":""2024-05-27T12:07:43Z"",""markets"":[{""key"":""h2h"",""last_update"":""2024-05-27T12:07:43Z"",""outcomes"":[{""name"":""Craig Richards"",""price"":1.61},{""name"":""Willy Hutchinson"",""price"":2.3},{""name"":""Draw"",""price"":17}]}]}]"
"804b5935d5f801358ae68dcd05d91abb","boxing_boxing","Boxing","2024-06-01T17:00:00Z","Filip Hrgović","Daniel Dubois","[{""key"":""unibet_uk"",""title"":""Unibet"",""last_update"":""2024-05-27T12:07:06Z"",""markets"":[{""key"":""h2h"",""last_update"":""2024-05-27T12:07:06Z"",""outcomes"":[{""name"":""Daniel Dubois"",""price"":2.7},{""name"":""Filip Hrgović"",""price"":1.43},{""name"":""Draw"",""price"":19}]}]},{""key"":""leovegas"",""title"":""LeoVegas"",""last_update"":""2024-05-27T12:07:06Z"",""markets"":[{""key"":""h2h"",""last_update"":""2024-05-27T12:07:06Z"",""outcomes"":[{""name"":""Daniel Dubois"",""price"":2.6},{""name"":""Filip Hrgović"",""price"":1.43},{""name"":""Draw"",""price"":14}]}]},{""key"":""grosvenor"",""title"":""Grosvenor"",""last_update"":""2024-05-27T12:07:44Z"",""markets"":[{""key"":""h2h"",""last_update"":""2024-05-27T12:07:44Z"",""outcomes"":[{""name"":""Daniel Dubois"",""price"":2.7},{""name"":""Filip Hrgović"",""price"":1.43},{""name"":""Draw"",""price"":19}]}]},{""key"":""paddypower"",""title"":""Paddy Power"",""last_update"":""2024-05-27T12:07:29Z"",""markets"":[{""key"":""h2h"",""last_update"":""2024-05-27T12:07:29Z"",""outcomes"":[{""name"":""Daniel Dubois"",""price"":2.88},{""name"":""Filip Hrgović"",""price"":1.4},{""name"":""Draw"",""price"":17}]}]},{""key"":""betfair_sb_uk"",""title"":""Betfair Sportsbook"",""last_update"":""2024-05-27T12:07:39Z"",""markets"":[{""key"":""h2h"",""last_update"":""2024-05-27T12:07:39Z"",""outcomes"":[{""name"":""Daniel Dubois"",""price"":2.88},{""name"":""Filip Hrgović"",""price"":1.4},{""name"":""Draw"",""price"":17}]}]},{""key"":""betfair_ex_uk"",""title"":""Betfair"",""last_update"":""2024-05-27T12:06:53Z"",""markets"":[{""key"":""h2h"",""last_update"":""2024-05-27T12:06:53Z"",""outcomes"":[{""name"":""Daniel Dubois"",""price"":3.2},{""name"":""Filip Hrgović"",""price"":1.43},{""name"":""Draw"",""price"":21}]},{""key"":""h2h_lay"",""last_update"":""2024-05-27T12:06:53Z"",""outcomes"":[{""name"":""Daniel Dubois"",""price"":4},{""name"":""Filip Hrgović"",""price"":1.48},{""name"":""Draw"",""price"":70}]}]},{""key"":""virginbet"",""title"":""Virgin Bet"",""last_update"":""2024-05-27T12:07:20Z"",""markets"":[{""key"":""h2h"",""last_update"":""2024-05-27T12:07:20Z"",""outcomes"":[{""name"":""Daniel Dubois"",""price"":2.55},{""name"":""Filip Hrgović"",""price"":1.44}]}]},{""key"":""livescorebet"",""title"":""LiveScore Bet"",""last_update"":""2024-05-27T12:07:25Z"",""markets"":[{""key"":""h2h"",""last_update"":""2024-05-27T12:07:25Z"",""outcomes"":[{""name"":""Daniel Dubois"",""price"":2.55},{""name"":""Filip Hrgović"",""price"":1.44}]}]},{""key"":""coral"",""title"":""Coral"",""last_update"":""2024-05-27T12:07:17Z"",""markets"":[{""key"":""h2h"",""last_update"":""2024-05-27T12:07:17Z"",""outcomes"":[{""name"":""Daniel Dubois"",""price"":2.75},{""name"":""Filip Hrgović"",""price"":1.44},{""name"":""Draw"",""price"":21}]}]},{""key"":""sport888"",""title"":""888sport"",""last_update"":""2024-05-27T12:07:43Z"",""markets"":[{""key"":""h2h"",""last_update"":""2024-05-27T12:07:43Z"",""outcomes"":[{""name"":""Daniel Dubois"",""price"":2.88},{""name"":""Filip Hrgović"",""price"":1.44},{""name"":""Draw"",""price"":21}]}]},{""key"":""betway"",""title"":""Betway"",""last_update"":""2024-05-27T12:06:41Z"",""markets"":[{""key"":""h2h"",""last_update"":""2024-05-27T12:06:41Z"",""outcomes"":[{""name"":""Daniel Dubois"",""price"":2.75},{""name"":""Filip Hrgović"",""price"":1.44},{""name"":""Draw"",""price"":19}]}]}]"
"a46e4b86ebf94b1198b3451895ccc2af","boxing_boxing","Boxing","2024-06-01T17:00:00Z","Raymond Ford","Nick Ball","[{""key"":""unibet_uk"",""title"":""Unibet"",""last_update"":""2024-05-27T12:07:06Z"",""markets"":[{""key"":""h2h"",""last_update"":""2024-05-27T12:07:06Z"",""outcomes"":[{""name"":""Nick Ball"",""price"":2.38},{""name"":""Raymond Ford"",""price"":1.56},{""name"":""Draw"",""price"":19}]}]},{""key"":""leovegas"",""title"":""LeoVegas"",""last_update"":""2024-05-27T12:07:06Z"",""markets"":[{""key"":""h2h"",""last_update"":""2024-05-27T12:07:06Z"",""outcomes"":[{""name"":""Nick Ball"",""price"":2.3},{""name"":""Raymond Ford"",""price"":1.56},{""name"":""Draw"",""price"":14}]}]},{""key"":""grosvenor"",""title"":""Grosvenor"",""last_update"":""2024-05-27T12:07:44Z"",""markets"":[{""key"":""h2h"",""last_update"":""2024-05-27T12:07:44Z"",""outcomes"":[{""name"":""Nick Ball"",""price"":2.38},{""name"":""Raymond Ford"",""price"":1.56},{""name"":""Draw"",""price"":19}]}]},{""key"":""paddypower"",""title"":""Paddy Power"",""last_update"":""2024-05-27T12:07:29Z"",""markets"":[{""key"":""h2h"",""last_update"":""2024-05-27T12:07:29Z"",""outcomes"":[{""name"":""Nick Ball"",""price"":2.4},{""name"":""Raymond Ford"",""price"":1.57},{""name"":""Draw"",""price"":17}]}]},{""key"":""betfair_sb_uk"",""title"":""Betfair Sportsbook"",""last_update"":""2024-05-27T12:07:39Z"",""markets"":[{""key"":""h2h"",""last_update"":""2024-05-27T12:07:39Z"",""outcomes"":[{""name"":""Nick Ball"",""price"":2.4},{""name"":""Raymond Ford"",""price"":1.57},{""name"":""Draw"",""price"":17}]}]},{""key"":""virginbet"",""title"":""Virgin Bet"",""last_update"":""2024-05-27T12:07:20Z"",""markets"":[{""key"":""h2h"",""last_update"":""2024-05-27T12:07:20Z"",""outcomes"":[{""name"":""Nick Ball"",""price"":2.15},{""name"":""Raymond Ford"",""price"":1.62}]}]},{""key"":""livescorebet"",""title"":""LiveScore Bet"",""last_update"":""2024-05-27T12:07:25Z"",""markets"":[{""key"":""h2h"",""last_update"":""2024-05-27T12:07:25Z"",""outcomes"":[{""name"":""Nick Ball"",""price"":2.15},{""name"":""Raymond Ford"",""price"":1.62}]}]},{""key"":""betfair_ex_uk"",""title"":""Betfair"",""last_update"":""2024-05-27T12:06:53Z"",""markets"":[{""key"":""h2h"",""last_update"":""2024-05-27T12:06:53Z"",""outcomes"":[{""name"":""Nick Ball"",""price"":2.48},{""name"":""Raymond Ford"",""price"":1.69},{""name"":""Draw"",""price"":16}]},{""key"":""h2h_lay"",""last_update"":""2024-05-27T12:06:53Z"",""outcomes"":[{""name"":""Nick Ball"",""price"":2.8},{""name"":""Raymond Ford"",""price"":1.8},{""name"":""Draw"",""price"":1000}]}]},{""key"":""coral"",""title"":""Coral"",""last_update"":""2024-05-27T12:07:17Z"",""markets"":[{""key"":""h2h"",""last_update"":""2024-05-27T12:07:17Z"",""outcomes"":[{""name"":""Nick Ball"",""price"":2.25},{""name"":""Raymond Ford"",""price"":1.67},{""name"":""Draw"",""price"":17}]}]},{""key"":""betway"",""title"":""Betway"",""last_update"":""2024-05-27T12:06:41Z"",""markets"":[{""key"":""h2h"",""last_update"":""2024-05-27T12:06:41Z"",""outcomes"":[{""name"":""Nick Ball"",""price"":2.38},{""name"":""Raymond Ford"",""price"":1.57},{""name"":""Draw"",""price"":19}]}]},{""key"":""sport888"",""title"":""888sport"",""last_update"":""2024-05-27T12:07:43Z"",""markets"":[{""key"":""h2h"",""last_update"":""2024-05-27T12:07:43Z"",""outcomes"":[{""name"":""Nick Ball"",""price"":2.38},{""name"":""Raymond Ford"",""price"":1.57},{""name"":""Draw"",""price"":17}]}]}]"
"d8ce004c3168fb4d5f22ca811af47280","boxing_boxing","Boxing","2024-06-01T18:00:00Z","Deontay Wilder","Zhilei Zhang","[{""key"":""unibet_uk"",""title"":""Unibet"",""last_update"":""2024-05-27T12:07:06Z"",""markets"":[{""key"":""h2h"",""last_update"":""2024-05-27T12:07:06Z"",""outcomes"":[{""name"":""Deontay Wilder"",""price"":2.28},{""name"":""Zhilei Zhang"",""price"":1.61},{""name"":""Draw"",""price"":19}]}]},{""key"":""leovegas"",""title"":""LeoVegas"",""last_update"":""2024-05-27T12:07:06Z"",""markets"":[{""key"":""h2h"",""last_update"":""2024-05-27T12:07:06Z"",""outcomes"":[{""name"":""Deontay Wilder"",""price"":2.23},{""name"":""Zhilei Zhang"",""price"":1.6},{""name"":""Draw"",""price"":14}]}]},{""key"":""grosvenor"",""title"":""Grosvenor"",""last_update"":""2024-05-27T12:07:44Z"",""markets"":[{""key"":""h2h"",""last_update"":""2024-05-27T12:07:44Z"",""outcomes"":[{""name"":""Deontay Wilder"",""price"":2.28},{""name"":""Zhilei Zhang"",""price"":1.61},{""name"":""Draw"",""price"":19}]}]},{""key"":""paddypower"",""title"":""Paddy Power"",""last_update"":""2024-05-27T12:07:29Z"",""markets"":[{""key"":""h2h"",""last_update"":""2024-05-27T12:07:29Z"",""outcomes"":[{""name"":""Deontay Wilder"",""price"":2.3},{""name"":""Zhilei Zhang"",""price"":1.62},{""name"":""Draw"",""price"":17}]}]},{""key"":""betfair_sb_uk"",""title"":""Betfair Sportsbook"",""last_update"":""2024-05-27T12:07:39Z"",""markets"":[{""key"":""h2h"",""last_update"":""2024-05-27T12:07:39Z"",""outcomes"":[{""name"":""Deontay Wilder"",""price"":2.3},{""name"":""Zhilei Zhang"",""price"":1.62},{""name"":""Draw"",""price"":17}]}]},{""key"":""betfair_ex_uk"",""title"":""Betfair"",""last_update"":""2024-05-27T12:06:53Z"",""markets"":[{""key"":""h2h"",""last_update"":""2024-05-27T12:06:53Z"",""outcomes"":[{""name"":""Deontay Wilder"",""price"":2.3},{""name"":""Zhilei Zhang"",""price"":1.78},{""name"":""Draw"",""price"":21}]},{""key"":""h2h_lay"",""last_update"":""2024-05-27T12:06:53Z"",""outcomes"":[{""name"":""Deontay Wilder"",""price"":2.4},{""name"":""Zhilei Zhang"",""price"":1.86},{""name"":""Draw"",""price"":55}]}]},{""key"":""virginbet"",""title"":""Virgin Bet"",""last_update"":""2024-05-27T12:07:20Z"",""markets"":[{""key"":""h2h"",""last_update"":""2024-05-27T12:07:20Z"",""outcomes"":[{""name"":""Deontay Wilder"",""price"":2.3},{""name"":""Zhilei Zhang"",""price"":1.55}]}]},{""key"":""livescorebet"",""title"":""LiveScore Bet"",""last_update"":""2024-05-27T12:07:25Z"",""markets"":[{""key"":""h2h"",""last_update"":""2024-05-27T12:07:25Z"",""outcomes"":[{""name"":""Deontay Wilder"",""price"":2.3},{""name"":""Zhilei Zhang"",""price"":1.55}]}]},{""key"":""coral"",""title"":""Coral"",""last_update"":""2024-05-27T12:07:17Z"",""markets"":[{""key"":""h2h"",""last_update"":""2024-05-27T12:07:17Z"",""outcomes"":[{""name"":""Deontay Wilder"",""price"":2.25},{""name"":""Zhilei Zhang"",""price"":1.67},{""name"":""Draw"",""price"":21}]}]},{""key"":""sport888"",""title"":""888sport"",""last_update"":""2024-05-27T12:07:43Z"",""markets"":[{""key"":""h2h"",""last_update"":""2024-05-27T12:07:43Z"",""outcomes"":[{""name"":""Deontay Wilder"",""price"":2.25},{""name"":""Zhilei Zhang"",""price"":1.61},{""name"":""Draw"",""price"":15}]}]},{""key"":""betway"",""title"":""Betway"",""last_update"":""2024-05-27T12:06:41Z"",""markets"":[{""key"":""h2h"",""last_update"":""2024-05-27T12:06:41Z"",""outcomes"":[{""name"":""Deontay Wilder"",""price"":2.2},{""name"":""Zhilei Zhang"",""price"":1.61},{""name"":""Draw"",""price"":19}]}]}]"
"f3626738364c2424ebe4409537e87c89","boxing_boxing","Boxing","2024-06-01T19:00:00Z","Dmitry Bivol","Malik Zanid","[{""key"":""paddypower"",""title"":""Paddy Power"",""last_update"":""2024-05-27T12:07:29Z"",""markets"":[{""key"":""h2h"",""last_update"":""2024-05-27T12:07:29Z"",""outcomes"":[{""name"":""Dmitry Bivol"",""price"":1.03},{""name"":""Malik Zanid"",""price"":13},{""name"":""Draw"",""price"":34}]}]},{""key"":""betfair_sb_uk"",""title"":""Betfair Sportsbook"",""last_update"":""2024-05-27T12:07:39Z"",""markets"":[{""key"":""h2h"",""last_update"":""2024-05-27T12:07:39Z"",""outcomes"":[{""name"":""Dmitry Bivol"",""price"":1.03},{""name"":""Malik Zanid"",""price"":13},{""name"":""Draw"",""price"":34}]}]},{""key"":""betfair_ex_uk"",""title"":""Betfair"",""last_update"":""2024-05-27T12:06:53Z"",""markets"":[{""key"":""h2h"",""last_update"":""2024-05-27T12:06:53Z"",""outcomes"":[{""name"":""Dmitry Bivol"",""price"":1.04},{""name"":""Malik Zanid"",""price"":20},{""name"":""Draw"",""price"":46}]},{""key"":""h2h_lay"",""last_update"":""2024-05-27T12:06:53Z"",""outcomes"":[{""name"":""Dmitry Bivol"",""price"":1.06},{""name"":""Malik Zanid"",""price"":38},{""name"":""Draw"",""price"":1000}]}]},{""key"":""coral"",""title"":""Coral"",""last_update"":""2024-05-27T12:07:17Z"",""markets"":[{""key"":""h2h"",""last_update"":""2024-05-27T12:07:17Z"",""outcomes"":[{""name"":""Dmitry Bivol"",""price"":1.03},{""name"":""Malik Zanid"",""price"":11},{""name"":""Draw"",""price"":26}]}]}]"
"eed8fd73b6e01045bac928fdf6004733","boxing_boxing","Boxing","2024-06-01T19:00:00Z","Dmitry Bivol","Malik Zinad","[{""key"":""virginbet"",""title"":""Virgin Bet"",""last_update"":""2024-05-27T12:07:20Z"",""markets"":[{""key"":""h2h"",""last_update"":""2024-05-27T12:07:20Z"",""outcomes"":[{""name"":""Dmitry Bivol"",""price"":1.03},{""name"":""Malik Zinad"",""price"":9}]}]},{""key"":""leovegas"",""title"":""LeoVegas"",""last_update"":""2024-05-27T12:07:06Z"",""markets"":[{""key"":""h2h"",""last_update"":""2024-05-27T12:07:06Z"",""outcomes"":[{""name"":""Dmitry Bivol"",""price"":1.05},{""name"":""Malik Zinad"",""price"":10.5},{""name"":""Draw"",""price"":15}]}]},{""key"":""livescorebet"",""title"":""LiveScore Bet"",""last_update"":""2024-05-27T12:07:25Z"",""markets"":[{""key"":""h2h"",""last_update"":""2024-05-27T12:07:25Z"",""outcomes"":[{""name"":""Dmitry Bivol"",""price"":1.03},{""name"":""Malik Zinad"",""price"":9}]}]},{""key"":""unibet_uk"",""title"":""Unibet"",""last_update"":""2024-05-27T12:07:06Z"",""markets"":[{""key"":""h2h"",""last_update"":""2024-05-27T12:07:06Z"",""outcomes"":[{""name"":""Dmitry Bivol"",""price"":1.06},{""name"":""Malik Zinad"",""price"":12.5},{""name"":""Draw"",""price"":19}]}]},{""key"":""grosvenor"",""title"":""Grosvenor"",""last_update"":""2024-05-27T12:07:44Z"",""markets"":[{""key"":""h2h"",""last_update"":""2024-05-27T12:07:44Z"",""outcomes"":[{""name"":""Dmitry Bivol"",""price"":1.06},{""name"":""Malik Zinad"",""price"":12.5},{""name"":""Draw"",""price"":19}]}]},{""key"":""betway"",""title"":""Betway"",""last_update"":""2024-05-27T12:06:41Z"",""markets"":[{""key"":""h2h"",""last_update"":""2024-05-27T12:06:41Z"",""outcomes"":[{""name"":""Dmitry Bivol"",""price"":1.03},{""name"":""Malik Zinad"",""price"":12},{""name"":""Draw"",""price"":13}]}]},{""key"":""sport888"",""title"":""888sport"",""last_update"":""2024-05-27T12:07:43Z"",""markets"":[{""key"":""h2h"",""last_update"":""2024-05-27T12:07:43Z"",""outcomes"":[{""name"":""Dmitry Bivol"",""price"":1.05},{""name"":""Malik Zinad"",""price"":11},{""name"":""Draw"",""price"":21}]}]}]"
"5b2b89a8e7ba05440f0701593bdeeb0d","boxing_boxing","Boxing","2024-06-09T00:00:00Z","Delante Johnson","Tarik Zaina","[{""key"":""paddypower"",""title"":""Paddy Power"",""last_update"":""2024-05-27T12:07:29Z"",""markets"":[{""key"":""h2h"",""last_update"":""2024-05-27T12:07:29Z"",""outcomes"":[{""name"":""Delante Johnson"",""price"":1.08},{""name"":""Tarik Zaina"",""price"":7.5},{""name"":""Draw"",""price"":21}]}]},{""key"":""betfair_sb_uk"",""title"":""Betfair Sportsbook"",""last_update"":""2024-05-27T12:07:39Z"",""markets"":[{""key"":""h2h"",""last_update"":""2024-05-27T12:07:39Z"",""outcomes"":[{""name"":""Delante Johnson"",""price"":1.08},{""name"":""Tarik Zaina"",""price"":7.5},{""name"":""Draw"",""price"":21}]}]},{""key"":""livescorebet"",""title"":""LiveScore Bet"",""last_update"":""2024-05-27T12:07:25Z"",""markets"":[{""key"":""h2h"",""last_update"":""2024-05-27T12:07:25Z"",""outcomes"":[{""name"":""Delante Johnson"",""price"":1.06},{""name"":""Tarik Zaina"",""price"":7}]}]},{""key"":""virginbet"",""title"":""Virgin Bet"",""last_update"":""2024-05-27T12:07:20Z"",""markets"":[{""key"":""h2h"",""last_update"":""2024-05-27T12:07:20Z"",""outcomes"":[{""name"":""Delante Johnson"",""price"":1.06},{""name"":""Tarik Zaina"",""price"":7}]}]},{""key"":""betway"",""title"":""Betway"",""last_update"":""2024-05-27T12:06:41Z"",""markets"":[{""key"":""h2h"",""last_update"":""2024-05-27T12:06:41Z"",""outcomes"":[{""name"":""Delante Johnson"",""price"":1.1},{""name"":""Tarik Zaina"",""price"":6.5},{""name"":""Draw"",""price"":17}]}]},{""key"":""sport888"",""title"":""888sport"",""last_update"":""2024-05-27T12:07:43Z"",""markets"":[{""key"":""h2h"",""last_update"":""2024-05-27T12:07:43Z"",""outcomes"":[{""name"":""Delante Johnson"",""price"":1.11},{""name"":""Tarik Zaina"",""price"":8},{""name"":""Draw"",""price"":15}]}]}]"
"2d49aeee8fd8bcf34ff4a8b4b8bf6083","boxing_boxing","Boxing","2024-06-09T02:00:00Z","Bruce Carrington","Jose Enrique Vivas","[{""key"":""paddypower"",""title"":""Paddy Power"",""last_update"":""2024-05-27T12:07:29Z"",""markets"":[{""key"":""h2h"",""last_update"":""2024-05-27T12:07:29Z"",""outcomes"":[{""name"":""Bruce Carrington"",""price"":1.08},{""name"":""Jose Enrique Vivas"",""price"":7.5},{""name"":""Draw"",""price"":21}]}]},{""key"":""virginbet"",""title"":""Virgin Bet"",""last_update"":""2024-05-27T12:07:20Z"",""markets"":[{""key"":""h2h"",""last_update"":""2024-05-27T12:07:20Z"",""outcomes"":[{""name"":""Bruce Carrington"",""price"":1.05},{""name"":""Jose Enrique Vivas"",""price"":7.5}]}]},{""key"":""livescorebet"",""title"":""LiveScore Bet"",""last_update"":""2024-05-27T12:07:25Z"",""markets"":[{""key"":""h2h"",""last_update"":""2024-05-27T12:07:25Z"",""outcomes"":[{""name"":""Bruce Carrington"",""price"":1.05},{""name"":""Jose Enrique Vivas"",""price"":7.5}]}]},{""key"":""betfair_sb_uk"",""title"":""Betfair Sportsbook"",""last_update"":""2024-05-27T12:07:39Z"",""markets"":[{""key"":""h2h"",""last_update"":""2024-05-27T12:07:39Z"",""outcomes"":[{""name"":""Bruce Carrington"",""price"":1.08},{""name"":""Jose Enrique Vivas"",""price"":7.5},{""name"":""Draw"",""price"":21}]}]},{""key"":""betway"",""title"":""Betway"",""last_update"":""2024-05-27T12:06:41Z"",""markets"":[{""key"":""h2h"",""last_update"":""2024-05-27T12:06:41Z"",""outcomes"":[{""name"":""Bruce Carrington"",""price"":1.05},{""name"":""Jose Enrique Vivas"",""price"":9},{""name"":""Draw"",""price"":17}]}]},{""key"":""sport888"",""title"":""888sport"",""last_update"":""2024-05-27T12:07:43Z"",""markets"":[{""key"":""h2h"",""last_update"":""2024-05-27T12:07:43Z"",""outcomes"":[{""name"":""Bruce Carrington"",""price"":1.08},{""name"":""Jose Enrique Vivas"",""price"":8},{""name"":""Draw"",""price"":21}]}]}]"
"cc5b8008cd05fadeb487779550401800","boxing_boxing","Boxing","2024-06-09T03:00:00Z","Xander Zayas","Patrick Teixeira","[{""key"":""virginbet"",""title"":""Virgin Bet"",""last_update"":""2024-05-27T12:07:20Z"",""markets"":[{""key"":""h2h"",""last_update"":""2024-05-27T12:07:20Z"",""outcomes"":[{""name"":""Patrick Teixeira"",""price"":6},{""name"":""Xander Zayas"",""price"":1.1}]}]},{""key"":""livescorebet"",""title"":""LiveScore Bet"",""last_update"":""2024-05-27T12:07:25Z"",""markets"":[{""key"":""h2h"",""last_update"":""2024-05-27T12:07:25Z"",""outcomes"":[{""name"":""Patrick Teixeira"",""price"":6},{""name"":""Xander Zayas"",""price"":1.1}]}]},{""key"":""betfair_sb_uk"",""title"":""Betfair Sportsbook"",""last_update"":""2024-05-27T12:07:39Z"",""markets"":[{""key"":""h2h"",""last_update"":""2024-05-27T12:07:39Z"",""outcomes"":[{""name"":""Patrick Teixeira"",""price"":7},{""name"":""Xander Zayas"",""price"":1.08},{""name"":""Draw"",""price"":26}]}]},{""key"":""paddypower"",""title"":""Paddy Power"",""last_update"":""2024-05-27T12:07:29Z"",""markets"":[{""key"":""h2h"",""last_update"":""2024-05-27T12:07:29Z"",""outcomes"":[{""name"":""Patrick Teixeira"",""price"":7},{""name"":""Xander Zayas"",""price"":1.08},{""name"":""Draw"",""price"":26}]}]},{""key"":""betway"",""title"":""Betway"",""last_update"":""2024-05-27T12:06:41Z"",""markets"":[{""key"":""h2h"",""last_update"":""2024-05-27T12:06:41Z"",""outcomes"":[{""name"":""Patrick Teixeira"",""price"":8},{""name"":""Xander Zayas"",""price"":1.07},{""name"":""Draw"",""price"":17}]}]},{""key"":""sport888"",""title"":""888sport"",""last_update"":""2024-05-27T12:07:43Z"",""markets"":[{""key"":""h2h"",""last_update"":""2024-05-27T12:07:43Z"",""outcomes"":[{""name"":""Patrick Teixeira"",""price"":7.6},{""name"":""Xander Zayas"",""price"":1.08},{""name"":""Draw"",""price"":23}]}]}]"
"fabe0c77e67e751214bdd115ef474d56","boxing_boxing","Boxing","2024-06-15T21:30:00Z","Chris Billam-Smith","Richard Riakporhe","[{""key"":""betfair_sb_uk"",""title"":""Betfair Sportsbook"",""last_update"":""2024-05-27T12:07:39Z"",""markets"":[{""key"":""h2h"",""last_update"":""2024-05-27T12:07:39Z"",""outcomes"":[{""name"":""Chris Billam-Smith"",""price"":2.88},{""name"":""Richard Riakporhe"",""price"":1.4},{""name"":""Draw"",""price"":17}]}]},{""key"":""paddypower"",""title"":""Paddy Power"",""last_update"":""2024-05-27T12:07:29Z"",""markets"":[{""key"":""h2h"",""last_update"":""2024-05-27T12:07:29Z"",""outcomes"":[{""name"":""Chris Billam-Smith"",""price"":2.88},{""name"":""Richard Riakporhe"",""price"":1.4},{""name"":""Draw"",""price"":17}]}]},{""key"":""virginbet"",""title"":""Virgin Bet"",""last_update"":""2024-05-27T12:07:20Z"",""markets"":[{""key"":""h2h"",""last_update"":""2024-05-27T12:07:20Z"",""outcomes"":[{""name"":""Chris Billam-Smith"",""price"":2.7},{""name"":""Richard Riakporhe"",""price"":1.42}]}]},{""key"":""livescorebet"",""title"":""LiveScore Bet"",""last_update"":""2024-05-27T12:07:25Z"",""markets"":[{""key"":""h2h"",""last_update"":""2024-05-27T12:07:25Z"",""outcomes"":[{""name"":""Chris Billam-Smith"",""price"":2.7},{""name"":""Richard Riakporhe"",""price"":1.42}]}]},{""key"":""betfair_ex_uk"",""title"":""Betfair"",""last_update"":""2024-05-27T12:06:53Z"",""markets"":[{""key"":""h2h"",""last_update"":""2024-05-27T12:06:53Z"",""outcomes"":[{""name"":""Chris Billam-Smith"",""price"":2.94},{""name"":""Richard Riakporhe"",""price"":1.49},{""name"":""Draw"",""price"":20}]},{""key"":""h2h_lay"",""last_update"":""2024-05-27T12:06:53Z"",""outcomes"":[{""name"":""Chris Billam-Smith"",""price"":3.5},{""name"":""Richard Riakporhe"",""price"":1.54},{""name"":""Draw"",""price"":990}]}]},{""key"":""grosvenor"",""title"":""Grosvenor"",""last_update"":""2024-05-27T12:07:44Z"",""markets"":[{""key"":""h2h"",""last_update"":""2024-05-27T12:07:44Z"",""outcomes"":[{""name"":""Chris Billam-Smith"",""price"":2.7},{""name"":""Richard Riakporhe"",""price"":1.43},{""name"":""Draw"",""price"":19}]}]},{""key"":""unibet_uk"",""title"":""Unibet"",""last_update"":""2024-05-27T12:07:06Z"",""markets"":[{""key"":""h2h"",""last_update"":""2024-05-27T12:07:06Z"",""outcomes"":[{""name"":""Chris Billam-Smith"",""price"":2.7},{""name"":""Richard Riakporhe"",""price"":1.43},{""name"":""Draw"",""price"":19}]}]},{""key"":""leovegas"",""title"":""LeoVegas"",""last_update"":""2024-05-27T12:07:06Z"",""markets"":[{""key"":""h2h"",""last_update"":""2024-05-27T12:07:06Z"",""outcomes"":[{""name"":""Chris Billam-Smith"",""price"":2.6},{""name"":""Richard Riakporhe"",""price"":1.43},{""name"":""Draw"",""price"":14}]}]},{""key"":""coral"",""title"":""Coral"",""last_update"":""2024-05-27T12:07:17Z"",""markets"":[{""key"":""h2h"",""last_update"":""2024-05-27T12:07:17Z"",""outcomes"":[{""name"":""Chris Billam-Smith"",""price"":2.87},{""name"":""Richard Riakporhe"",""price"":1.44},{""name"":""Draw"",""price"":17}]}]},{""key"":""betway"",""title"":""Betway"",""last_update"":""2024-05-27T12:06:41Z"",""markets"":[{""key"":""h2h"",""last_update"":""2024-05-27T12:06:41Z"",""outcomes"":[{""name"":""Chris Billam-Smith"",""price"":2.75},{""name"":""Richard Riakporhe"",""price"":1.44},{""name"":""Draw"",""price"":15}]}]}]"
"a619ef04b65c1fec23a9e73174b63f17","boxing_boxing","Boxing","2024-06-16T02:00:00Z","David Benavidez","Oleksandr Gvozdyk","[{""key"":""betfair_sb_uk"",""title"":""Betfair Sportsbook"",""last_update"":""2024-05-27T12:07:39Z"",""markets"":[{""key"":""h2h"",""last_update"":""2024-05-27T12:07:39Z"",""outcomes"":[{""name"":""David Benavidez"",""price"":1.17},{""name"":""Oleksandr Gvozdyk"",""price"":5},{""name"":""Draw"",""price"":17}]}]},{""key"":""paddypower"",""title"":""Paddy Power"",""last_update"":""2024-05-27T12:07:29Z"",""markets"":[{""key"":""h2h"",""last_update"":""2024-05-27T12:07:29Z"",""outcomes"":[{""name"":""David Benavidez"",""price"":1.17},{""name"":""Oleksandr Gvozdyk"",""price"":5},{""name"":""Draw"",""price"":17}]}]},{""key"":""virginbet"",""title"":""Virgin Bet"",""last_update"":""2024-05-27T12:07:20Z"",""markets"":[{""key"":""h2h"",""last_update"":""2024-05-27T12:07:20Z"",""outcomes"":[{""name"":""David Benavidez"",""price"":1.14},{""name"":""Oleksandr Gvozdyk"",""price"":4.8}]}]},{""key"":""livescorebet"",""title"":""LiveScore Bet"",""last_update"":""2024-05-27T12:07:25Z"",""markets"":[{""key"":""h2h"",""last_update"":""2024-05-27T12:07:25Z"",""outcomes"":[{""name"":""David Benavidez"",""price"":1.14},{""name"":""Oleksandr Gvozdyk"",""price"":4.8}]}]},{""key"":""leovegas"",""title"":""LeoVegas"",""last_update"":""2024-05-27T12:07:06Z"",""markets"":[{""key"":""h2h"",""last_update"":""2024-05-27T12:07:06Z"",""outcomes"":[{""name"":""David Benavidez"",""price"":1.17},{""name"":""Oleksandr Gvozdyk"",""price"":4.6},{""name"":""Draw"",""price"":14}]}]},{""key"":""unibet_uk"",""title"":""Unibet"",""last_update"":""2024-05-27T12:07:06Z"",""markets"":[{""key"":""h2h"",""last_update"":""2024-05-27T12:07:06Z"",""outcomes"":[{""name"":""David Benavidez"",""price"":1.17},{""name"":""Oleksandr Gvozdyk"",""price"":5.1},{""name"":""Draw"",""price"":19}]}]},{""key"":""grosvenor"",""title"":""Grosvenor"",""last_update"":""2024-05-27T12:07:44Z"",""markets"":[{""key"":""h2h"",""last_update"":""2024-05-27T12:07:44Z"",""outcomes"":[{""name"":""David Benavidez"",""price"":1.17},{""name"":""Oleksandr Gvozdyk"",""price"":5.1},{""name"":""Draw"",""price"":19}]}]},{""key"":""betfair_ex_uk"",""title"":""Betfair"",""last_update"":""2024-05-27T12:06:53Z"",""markets"":[{""key"":""h2h"",""last_update"":""2024-05-27T12:06:53Z"",""outcomes"":[{""name"":""David Benavidez"",""price"":1.15},{""name"":""Oleksandr Gvozdyk"",""price"":5.5},{""name"":""Draw"",""price"":20}]},{""key"":""h2h_lay"",""last_update"":""2024-05-27T12:06:53Z"",""outcomes"":[{""name"":""David Benavidez"",""price"":1.31},{""name"":""Oleksandr Gvozdyk"",""price"":12},{""name"":""Draw"",""price"":900}]}]},{""key"":""betway"",""title"":""Betway"",""last_update"":""2024-05-27T12:06:41Z"",""markets"":[{""key"":""h2h"",""last_update"":""2024-05-27T12:06:41Z"",""outcomes"":[{""name"":""David Benavidez"",""price"":1.17},{""name"":""Oleksandr Gvozdyk"",""price"":5},{""name"":""Draw"",""price"":15}]}]}]"
"eb2bdff7f74c6a34d780041e8358931b","boxing_boxing","Boxing","2024-06-16T03:00:00Z","Gervonta Davis","Frank Martin","[{""key"":""betfair_sb_uk"",""title"":""Betfair Sportsbook"",""last_update"":""2024-05-27T12:07:39Z"",""markets"":[{""key"":""h2h"",""last_update"":""2024-05-27T12:07:39Z"",""outcomes"":[{""name"":""Frank Martin"",""price"":5},{""name"":""Gervonta Davis"",""price"":1.17},{""name"":""Draw"",""price"":17}]}]},{""key"":""paddypower"",""title"":""Paddy Power"",""last_update"":""2024-05-27T12:07:29Z"",""markets"":[{""key"":""h2h"",""last_update"":""2024-05-27T12:07:29Z"",""outcomes"":[{""name"":""Frank Martin"",""price"":5},{""name"":""Gervonta Davis"",""price"":1.17},{""name"":""Draw"",""price"":17}]}]},{""key"":""virginbet"",""title"":""Virgin Bet"",""last_update"":""2024-05-27T12:07:20Z"",""markets"":[{""key"":""h2h"",""last_update"":""2024-05-27T12:07:20Z"",""outcomes"":[{""name"":""Frank Martin"",""price"":5.5},{""name"":""Gervonta Davis"",""price"":1.11}]}]},{""key"":""livescorebet"",""title"":""LiveScore Bet"",""last_update"":""2024-05-27T12:07:25Z"",""markets"":[{""key"":""h2h"",""last_update"":""2024-05-27T12:07:25Z"",""outcomes"":[{""name"":""Frank Martin"",""price"":5.5},{""name"":""Gervonta Davis"",""price"":1.11}]}]},{""key"":""leovegas"",""title"":""LeoVegas"",""last_update"":""2024-05-27T12:07:06Z"",""markets"":[{""key"":""h2h"",""last_update"":""2024-05-27T12:07:06Z"",""outcomes"":[{""name"":""Frank Martin"",""price"":4.6},{""name"":""Gervonta Davis"",""price"":1.17},{""name"":""Draw"",""price"":14}]}]},{""key"":""unibet_uk"",""title"":""Unibet"",""last_update"":""2024-05-27T12:07:06Z"",""markets"":[{""key"":""h2h"",""last_update"":""2024-05-27T12:07:06Z"",""outcomes"":[{""name"":""Frank Martin"",""price"":5.1},{""name"":""Gervonta Davis"",""price"":1.17},{""name"":""Draw"",""price"":19}]}]},{""key"":""grosvenor"",""title"":""Grosvenor"",""last_update"":""2024-05-27T12:07:44Z"",""markets"":[{""key"":""h2h"",""last_update"":""2024-05-27T12:07:44Z"",""outcomes"":[{""name"":""Frank Martin"",""price"":5.1},{""name"":""Gervonta Davis"",""price"":1.17},{""name"":""Draw"",""price"":19}]}]},{""key"":""betfair_ex_uk"",""title"":""Betfair"",""last_update"":""2024-05-27T12:06:53Z"",""markets"":[{""key"":""h2h"",""last_update"":""2024-05-27T12:06:53Z"",""outcomes"":[{""name"":""Frank Martin"",""price"":6.2},{""name"":""Gervonta Davis"",""price"":1.16},{""name"":""Draw"",""price"":20}]},{""key"":""h2h_lay"",""last_update"":""2024-05-27T12:06:53Z"",""outcomes"":[{""name"":""Frank Martin"",""price"":12.5},{""name"":""Gervonta Davis"",""price"":1.2},{""name"":""Draw"",""price"":1000}]}]},{""key"":""coral"",""title"":""Coral"",""last_update"":""2024-05-27T12:07:17Z"",""markets"":[{""key"":""h2h"",""last_update"":""2024-05-27T12:07:17Z"",""outcomes"":[{""name"":""Frank Martin"",""price"":5.5},{""name"":""Gervonta Davis"",""price"":1.14},{""name"":""Draw"",""price"":26}]}]},{""key"":""betway"",""title"":""Betway"",""last_update"":""2024-05-27T12:06:41Z"",""markets"":[{""key"":""h2h"",""last_update"":""2024-05-27T12:06:41Z"",""outcomes"":[{""name"":""Frank Martin"",""price"":5.5},{""name"":""Gervonta Davis"",""price"":1.14},{""name"":""Draw"",""price"":17}]}]},{""key"":""sport888"",""title"":""888sport"",""last_update"":""2024-05-27T12:07:43Z"",""markets"":[{""key"":""h2h"",""last_update"":""2024-05-27T12:07:43Z"",""outcomes"":[{""name"":""Frank Martin"",""price"":5.4},{""name"":""Gervonta Davis"",""price"":1.18},{""name"":""Draw"",""price"":17}]}]}]"
"86092dbdcceeebdc0eb9ac92ced4ef04","boxing_boxing","Boxing","2024-06-16T03:00:00Z","Subriel Matias","Liam Paro","[{""key"":""betfair_sb_uk"",""title"":""Betfair Sportsbook"",""last_update"":""2024-05-27T12:07:39Z"",""markets"":[{""key"":""h2h"",""last_update"":""2024-05-27T12:07:39Z"",""outcomes"":[{""name"":""Liam Paro"",""price"":7},{""name"":""Subriel Matias"",""price"":1.1},{""name"":""Draw"",""price"":21}]}]},{""key"":""paddypower"",""title"":""Paddy Power"",""last_update"":""2024-05-27T12:07:29Z"",""markets"":[{""key"":""h2h"",""last_update"":""2024-05-27T12:07:29Z"",""outcomes"":[{""name"":""Liam Paro"",""price"":7},{""name"":""Subriel Matias"",""price"":1.1},{""name"":""Draw"",""price"":21}]}]},{""key"":""leovegas"",""title"":""LeoVegas"",""last_update"":""2024-05-27T12:07:06Z"",""markets"":[{""key"":""h2h"",""last_update"":""2024-05-27T12:07:06Z"",""outcomes"":[{""name"":""Liam Paro"",""price"":5.8},{""name"":""Subriel Matias"",""price"":1.12},{""name"":""Draw"",""price"":14}]}]},{""key"":""grosvenor"",""title"":""Grosvenor"",""last_update"":""2024-05-27T12:07:44Z"",""markets"":[{""key"":""h2h"",""last_update"":""2024-05-27T12:07:44Z"",""outcomes"":[{""name"":""Liam Paro"",""price"":6.5},{""name"":""Subriel Matias"",""price"":1.13},{""name"":""Draw"",""price"":19}]}]},{""key"":""unibet_uk"",""title"":""Unibet"",""last_update"":""2024-05-27T12:07:06Z"",""markets"":[{""key"":""h2h"",""last_update"":""2024-05-27T12:07:06Z"",""outcomes"":[{""name"":""Liam Paro"",""price"":6.5},{""name"":""Subriel Matias"",""price"":1.13},{""name"":""Draw"",""price"":19}]}]},{""key"":""virginbet"",""title"":""Virgin Bet"",""last_update"":""2024-05-27T12:07:20Z"",""markets"":[{""key"":""h2h"",""last_update"":""2024-05-27T12:07:20Z"",""outcomes"":[{""name"":""Liam Paro"",""price"":5.5},{""name"":""Subriel Matias"",""price"":1.11}]}]},{""key"":""livescorebet"",""title"":""LiveScore Bet"",""last_update"":""2024-05-27T12:07:25Z"",""markets"":[{""key"":""h2h"",""last_update"":""2024-05-27T12:07:25Z"",""outcomes"":[{""name"":""Liam Paro"",""price"":5.5},{""name"":""Subriel Matias"",""price"":1.11}]}]},{""key"":""betfair_ex_uk"",""title"":""Betfair"",""last_update"":""2024-05-27T12:06:53Z"",""markets"":[{""key"":""h2h"",""last_update"":""2024-05-27T12:06:53Z"",""outcomes"":[{""name"":""Liam Paro"",""price"":7.6},{""name"":""Subriel Matias"",""price"":1.14},{""name"":""Draw"",""price"":27}]},{""key"":""h2h_lay"",""last_update"":""2024-05-27T12:06:53Z"",""outcomes"":[{""name"":""Liam Paro"",""price"":12},{""name"":""Subriel Matias"",""price"":1.21},{""name"":""Draw"",""price"":1000}]}]},{""key"":""betway"",""title"":""Betway"",""last_update"":""2024-05-27T12:06:41Z"",""markets"":[{""key"":""h2h"",""last_update"":""2024-05-27T12:06:41Z"",""outcomes"":[{""name"":""Liam Paro"",""price"":5.5},{""name"":""Subriel Matias"",""price"":1.14},{""name"":""Draw"",""price"":17}]}]}]"
"c6dd0fbd5e44721f6ad7dcdc7b919b6c","boxing_boxing","Boxing","2024-06-22T18:00:00Z","Shannon Ryan","Emma Dolan","[{""key"":""betfair_sb_uk"",""title"":""Betfair Sportsbook"",""last_update"":""2024-05-27T12:07:39Z"",""markets"":[{""key"":""h2h"",""last_update"":""2024-05-27T12:07:39Z"",""outcomes"":[{""name"":""Emma Dolan"",""price"":4},{""name"":""Shannon Ryan"",""price"":1.25},{""name"":""Draw"",""price"":17}]}]},{""key"":""betfair_ex_uk"",""title"":""Betfair"",""last_update"":""2024-05-27T12:06:53Z"",""markets"":[{""key"":""h2h"",""last_update"":""2024-05-27T12:06:53Z"",""outcomes"":[{""name"":""Emma Dolan"",""price"":4.2},{""name"":""Shannon Ryan"",""price"":1.31},{""name"":""Draw"",""price"":20}]},{""key"":""h2h_lay"",""last_update"":""2024-05-27T12:06:53Z"",""outcomes"":[{""name"":""Emma Dolan"",""price"":5.4},{""name"":""Shannon Ryan"",""price"":1.41},{""name"":""Draw"",""price"":1000}]}]},{""key"":""paddypower"",""title"":""Paddy Power"",""last_update"":""2024-05-27T12:07:29Z"",""markets"":[{""key"":""h2h"",""last_update"":""2024-05-27T12:07:29Z"",""outcomes"":[{""name"":""Emma Dolan"",""price"":4},{""name"":""Shannon Ryan"",""price"":1.25},{""name"":""Draw"",""price"":17}]}]},{""key"":""virginbet"",""title"":""Virgin Bet"",""last_update"":""2024-05-27T12:07:20Z"",""markets"":[{""key"":""h2h"",""last_update"":""2024-05-27T12:07:20Z"",""outcomes"":[{""name"":""Emma Dolan"",""price"":3.8},{""name"":""Shannon Ryan"",""price"":1.22}]}]},{""key"":""livescorebet"",""title"":""LiveScore Bet"",""last_update"":""2024-05-27T12:07:25Z"",""markets"":[{""key"":""h2h"",""last_update"":""2024-05-27T12:07:25Z"",""outcomes"":[{""name"":""Emma Dolan"",""price"":3.8},{""name"":""Shannon Ryan"",""price"":1.22}]}]}]"
"f9950ce8458c5c102515cdea88b0904e","boxing_boxing","Boxing","2024-06-22T19:00:00Z","Cameron Vuong","Jordan Flynn","[{""key"":""betfair_sb_uk"",""title"":""Betfair Sportsbook"",""last_update"":""2024-05-27T12:07:39Z"",""markets"":[{""key"":""h2h"",""last_update"":""2024-05-27T12:07:39Z"",""outcomes"":[{""name"":""Cameron Vuong"",""price"":1.17},{""name"":""Jordan Flynn"",""price"":5},{""name"":""Draw"",""price"":17}]}]},{""key"":""paddypower"",""title"":""Paddy Power"",""last_update"":""2024-05-27T12:07:29Z"",""markets"":[{""key"":""h2h"",""last_update"":""2024-05-27T12:07:29Z"",""outcomes"":[{""name"":""Cameron Vuong"",""price"":1.17},{""name"":""Jordan Flynn"",""price"":5},{""name"":""Draw"",""price"":17}]}]},{""key"":""virginbet"",""title"":""Virgin Bet"",""last_update"":""2024-05-27T12:07:20Z"",""markets"":[{""key"":""h2h"",""last_update"":""2024-05-27T12:07:20Z"",""outcomes"":[{""name"":""Cameron Vuong"",""price"":1.14},{""name"":""Jordan Flynn"",""price"":5}]}]},{""key"":""livescorebet"",""title"":""LiveScore Bet"",""last_update"":""2024-05-27T12:07:25Z"",""markets"":[{""key"":""h2h"",""last_update"":""2024-05-27T12:07:25Z"",""outcomes"":[{""name"":""Cameron Vuong"",""price"":1.14},{""name"":""Jordan Flynn"",""price"":5}]}]}]"
"ce9802040b23fc38ffd36ff18580280e","boxing_boxing","Boxing","2024-06-22T20:00:00Z","Lewis Crocker","Conah Walker","[{""key"":""betfair_sb_uk"",""title"":""Betfair Sportsbook"",""last_update"":""2024-05-27T12:07:39Z"",""markets"":[{""key"":""h2h"",""last_update"":""2024-05-27T12:07:39Z"",""outcomes"":[{""name"":""Conah Walker"",""price"":4.33},{""name"":""Lewis Crocker"",""price"":1.22},{""name"":""Draw"",""price"":17}]}]},{""key"":""paddypower"",""title"":""Paddy Power"",""last_update"":""2024-05-27T12:07:29Z"",""markets"":[{""key"":""h2h"",""last_update"":""2024-05-27T12:07:29Z"",""outcomes"":[{""name"":""Conah Walker"",""price"":4.33},{""name"":""Lewis Crocker"",""price"":1.22},{""name"":""Draw"",""price"":17}]}]},{""key"":""virginbet"",""title"":""Virgin Bet"",""last_update"":""2024-05-27T12:07:20Z"",""markets"":[{""key"":""h2h"",""last_update"":""2024-05-27T12:07:20Z"",""outcomes"":[{""name"":""Conah Walker"",""price"":4.33},{""name"":""Lewis Crocker"",""price"":1.17}]}]},{""key"":""livescorebet"",""title"":""LiveScore Bet"",""last_update"":""2024-05-27T12:07:25Z"",""markets"":[{""key"":""h2h"",""last_update"":""2024-05-27T12:07:25Z"",""outcomes"":[{""name"":""Conah Walker"",""price"":4.33},{""name"":""Lewis Crocker"",""price"":1.17}]}]}]"
"6d56c32a5d6602820428200eebdb94d3","boxing_boxing","Boxing","2024-06-22T21:00:00Z","Tyler Denny","Felix Cash","[{""key"":""paddypower"",""title"":""Paddy Power"",""last_update"":""2024-05-27T12:07:29Z"",""markets"":[{""key"":""h2h"",""last_update"":""2024-05-27T12:07:29Z"",""outcomes"":[{""name"":""Felix Cash"",""price"":1.57},{""name"":""Tyler Denny"",""price"":2.4},{""name"":""Draw"",""price"":17}]}]},{""key"":""betfair_sb_uk"",""title"":""Betfair Sportsbook"",""last_update"":""2024-05-27T12:07:39Z"",""markets"":[{""key"":""h2h"",""last_update"":""2024-05-27T12:07:39Z"",""outcomes"":[{""name"":""Felix Cash"",""price"":1.57},{""name"":""Tyler Denny"",""price"":2.4},{""name"":""Draw"",""price"":17}]}]},{""key"":""betfair_ex_uk"",""title"":""Betfair"",""last_update"":""2024-05-27T12:06:53Z"",""markets"":[{""key"":""h2h"",""last_update"":""2024-05-27T12:06:53Z"",""outcomes"":[{""name"":""Felix Cash"",""price"":1.68},{""name"":""Tyler Denny"",""price"":2.58},{""name"":""Draw"",""price"":15}]},{""key"":""h2h_lay"",""last_update"":""2024-05-27T12:06:53Z"",""outcomes"":[{""name"":""Felix Cash"",""price"":1.83},{""name"":""Tyler Denny"",""price"":2.96},{""name"":""Draw"",""price"":1000}]}]},{""key"":""livescorebet"",""title"":""LiveScore Bet"",""last_update"":""2024-05-27T12:07:25Z"",""markets"":[{""key"":""h2h"",""last_update"":""2024-05-27T12:07:25Z"",""outcomes"":[{""name"":""Felix Cash"",""price"":1.57},{""name"":""Tyler Denny"",""price"":2.25}]}]},{""key"":""virginbet"",""title"":""Virgin Bet"",""last_update"":""2024-05-27T12:07:20Z"",""markets"":[{""key"":""h2h"",""last_update"":""2024-05-27T12:07:20Z"",""outcomes"":[{""name"":""Felix Cash"",""price"":1.57},{""name"":""Tyler Denny"",""price"":2.25}]}]},{""key"":""coral"",""title"":""Coral"",""last_update"":""2024-05-27T12:07:17Z"",""markets"":[{""key"":""h2h"",""last_update"":""2024-05-27T12:07:17Z"",""outcomes"":[{""name"":""Felix Cash"",""price"":1.57},{""name"":""Tyler Denny"",""price"":2.5},{""name"":""Draw"",""price"":17}]}]}]"
"d1c2306f102e153695f3cb51f89dd723","boxing_boxing","Boxing","2024-06-30T02:00:00Z","Robeisy Ramirez","Brandon Leon Benitez","[{""key"":""paddypower"",""title"":""Paddy Power"",""last_update"":""2024-05-27T12:07:29Z"",""markets"":[{""key"":""h2h"",""last_update"":""2024-05-27T12:07:29Z"",""outcomes"":[{""name"":""Brandon Leon Benitez"",""price"":7},{""name"":""Robeisy Ramirez"",""price"":1.1},{""name"":""Draw"",""price"":21}]}]},{""key"":""betfair_sb_uk"",""title"":""Betfair Sportsbook"",""last_update"":""2024-05-27T12:07:39Z"",""markets"":[{""key"":""h2h"",""last_update"":""2024-05-27T12:07:39Z"",""outcomes"":[{""name"":""Brandon Leon Benitez"",""price"":7},{""name"":""Robeisy Ramirez"",""price"":1.1},{""name"":""Draw"",""price"":21}]}]}]"
"781723e33de3176fdfca9fb6399dbc7f","boxing_boxing","Boxing","2024-06-30T03:00:00Z","Juan Francisco Estrada","Jesse Rodriguez","[{""key"":""betfair_sb_uk"",""title"":""Betfair Sportsbook"",""last_update"":""2024-05-27T12:07:39Z"",""markets"":[{""key"":""h2h"",""last_update"":""2024-05-27T12:07:39Z"",""outcomes"":[{""name"":""Jesse Rodriguez"",""price"":1.25},{""name"":""Juan Francisco Estrada"",""price"":4},{""name"":""Draw"",""price"":17}]}]},{""key"":""paddypower"",""title"":""Paddy Power"",""last_update"":""2024-05-27T12:07:29Z"",""markets"":[{""key"":""h2h"",""last_update"":""2024-05-27T12:07:29Z"",""outcomes"":[{""name"":""Jesse Rodriguez"",""price"":1.25},{""name"":""Juan Francisco Estrada"",""price"":4},{""name"":""Draw"",""price"":17}]}]},{""key"":""leovegas"",""title"":""LeoVegas"",""last_update"":""2024-05-27T12:07:06Z"",""markets"":[{""key"":""h2h"",""last_update"":""2024-05-27T12:07:06Z"",""outcomes"":[{""name"":""Jesse Rodriguez"",""price"":1.29},{""name"":""Juan Francisco Estrada"",""price"":3.35},{""name"":""Draw"",""price"":14}]}]},{""key"":""grosvenor"",""title"":""Grosvenor"",""last_update"":""2024-05-27T12:07:44Z"",""markets"":[{""key"":""h2h"",""last_update"":""2024-05-27T12:07:44Z"",""outcomes"":[{""name"":""Jesse Rodriguez"",""price"":1.29},{""name"":""Juan Francisco Estrada"",""price"":3.55},{""name"":""Draw"",""price"":19}]}]},{""key"":""unibet_uk"",""title"":""Unibet"",""last_update"":""2024-05-27T12:07:06Z"",""markets"":[{""key"":""h2h"",""last_update"":""2024-05-27T12:07:06Z"",""outcomes"":[{""name"":""Jesse Rodriguez"",""price"":1.29},{""name"":""Juan Francisco Estrada"",""price"":3.55},{""name"":""Draw"",""price"":19}]}]},{""key"":""betfair_ex_uk"",""title"":""Betfair"",""last_update"":""2024-05-27T12:06:53Z"",""markets"":[{""key"":""h2h"",""last_update"":""2024-05-27T12:06:53Z"",""outcomes"":[{""name"":""Jesse Rodriguez"",""price"":1.01},{""name"":""Juan Francisco Estrada"",""price"":4.3},{""name"":""Draw"",""price"":20}]},{""key"":""h2h_lay"",""last_update"":""2024-05-27T12:06:53Z"",""outcomes"":[{""name"":""Jesse Rodriguez"",""price"":1.3},{""name"":""Juan Francisco Estrada"",""price"":1000},{""name"":""Draw"",""price"":1000}]}]},{""key"":""virginbet"",""title"":""Virgin Bet"",""last_update"":""2024-05-27T12:07:20Z"",""markets"":[{""key"":""h2h"",""last_update"":""2024-05-27T12:07:20Z"",""outcomes"":[{""name"":""Jesse Rodriguez"",""price"":1.26},{""name"":""Juan Francisco Estrada"",""price"":3.4}]}]},{""key"":""livescorebet"",""title"":""LiveScore Bet"",""last_update"":""2024-05-27T12:07:25Z"",""markets"":[{""key"":""h2h"",""last_update"":""2024-05-27T12:07:25Z"",""outcomes"":[{""name"":""Jesse Rodriguez"",""price"":1.26},{""name"":""Juan Francisco Estrada"",""price"":3.4}]}]},{""key"":""coral"",""title"":""Coral"",""last_update"":""2024-05-27T12:07:17Z"",""markets"":[{""key"":""h2h"",""last_update"":""2024-05-27T12:07:17Z"",""outcomes"":[{""name"":""Jesse Rodriguez"",""price"":1.28},{""name"":""Juan Francisco Estrada"",""price"":3.75},{""name"":""Draw"",""price"":17}]}]}]"
"2c8344b12a8d8e5ac17d78339c763534","boxing_boxing","Boxing","2024-06-30T03:00:00Z","Teofimo Lopéz","Steve Claggett","[{""key"":""betfair_sb_uk"",""title"":""Betfair Sportsbook"",""last_update"":""2024-05-27T12:07:39Z"",""markets"":[{""key"":""h2h"",""last_update"":""2024-05-27T12:07:39Z"",""outcomes"":[{""name"":""Steve Claggett"",""price"":8},{""name"":""Teofimo Lopéz"",""price"":1.07},{""name"":""Draw"",""price"":26}]}]},{""key"":""paddypower"",""title"":""Paddy Power"",""last_update"":""2024-05-27T12:07:29Z"",""markets"":[{""key"":""h2h"",""last_update"":""2024-05-27T12:07:29Z"",""outcomes"":[{""name"":""Steve Claggett"",""price"":8},{""name"":""Teofimo Lopéz"",""price"":1.07},{""name"":""Draw"",""price"":26}]}]}]"
"26a8168eb70c8c83d861864e4dedf570","boxing_boxing","Boxing","2024-07-06T21:30:00Z","Johnny Fisher","Alen Babic","[{""key"":""betfair_sb_uk"",""title"":""Betfair Sportsbook"",""last_update"":""2024-05-27T12:07:39Z"",""markets"":[{""key"":""h2h"",""last_update"":""2024-05-27T12:07:39Z"",""outcomes"":[{""name"":""Alen Babic"",""price"":3.75},{""name"":""Johnny Fisher"",""price"":1.29},{""name"":""Draw"",""price"":17}]}]},{""key"":""paddypower"",""title"":""Paddy Power"",""last_update"":""2024-05-27T12:07:29Z"",""markets"":[{""key"":""h2h"",""last_update"":""2024-05-27T12:07:29Z"",""outcomes"":[{""name"":""Alen Babic"",""price"":3.75},{""name"":""Johnny Fisher"",""price"":1.29},{""name"":""Draw"",""price"":17}]}]}]"
"64846603c613e3fb1c0056115f900fde","boxing_boxing","Boxing","2024-07-07T01:00:00Z","Keyshawn Davis","Miguel Madueno","[{""key"":""paddypower"",""title"":""Paddy Power"",""last_update"":""2024-05-27T12:07:29Z"",""markets"":[{""key"":""h2h"",""last_update"":""2024-05-27T12:07:29Z"",""outcomes"":[{""name"":""Keyshawn Davis"",""price"":1.07},{""name"":""Miguel Madueno"",""price"":8},{""name"":""Draw"",""price"":26}]}]},{""key"":""betfair_sb_uk"",""title"":""Betfair Sportsbook"",""last_update"":""2024-05-27T12:07:39Z"",""markets"":[{""key"":""h2h"",""last_update"":""2024-05-27T12:07:39Z"",""outcomes"":[{""name"":""Keyshawn Davis"",""price"":1.07},{""name"":""Miguel Madueno"",""price"":8},{""name"":""Draw"",""price"":26}]}]},{""key"":""virginbet"",""title"":""Virgin Bet"",""last_update"":""2024-05-27T12:07:20Z"",""markets"":[{""key"":""h2h"",""last_update"":""2024-05-27T12:07:20Z"",""outcomes"":[{""name"":""Keyshawn Davis"",""price"":1.04},{""name"":""Miguel Madueno"",""price"":9}]}]},{""key"":""livescorebet"",""title"":""LiveScore Bet"",""last_update"":""2024-05-27T12:07:25Z"",""markets"":[{""key"":""h2h"",""last_update"":""2024-05-27T12:07:25Z"",""outcomes"":[{""name"":""Keyshawn Davis"",""price"":1.04},{""name"":""Miguel Madueno"",""price"":9}]}]},{""key"":""unibet_uk"",""title"":""Unibet"",""last_update"":""2024-05-27T12:07:06Z"",""markets"":[{""key"":""h2h"",""last_update"":""2024-05-27T12:07:06Z"",""outcomes"":[{""name"":""Keyshawn Davis"",""price"":1.08},{""name"":""Miguel Madueno"",""price"":9.5},{""name"":""Draw"",""price"":19}]}]},{""key"":""leovegas"",""title"":""LeoVegas"",""last_update"":""2024-05-27T12:07:06Z"",""markets"":[{""key"":""h2h"",""last_update"":""2024-05-27T12:07:06Z"",""outcomes"":[{""name"":""Keyshawn Davis"",""price"":1.08},{""name"":""Miguel Madueno"",""price"":8},{""name"":""Draw"",""price"":15}]}]},{""key"":""grosvenor"",""title"":""Grosvenor"",""last_update"":""2024-05-27T12:07:44Z"",""markets"":[{""key"":""h2h"",""last_update"":""2024-05-27T12:07:44Z"",""outcomes"":[{""name"":""Keyshawn Davis"",""price"":1.08},{""name"":""Miguel Madueno"",""price"":9.5},{""name"":""Draw"",""price"":19}]}]}]"
"5b66d6b37d735fca24a0a28c2764d6d5","boxing_boxing","Boxing","2024-07-07T02:00:00Z","Nate Diaz","Jorge Masvidal","[{""key"":""betfair_sb_uk"",""title"":""Betfair Sportsbook"",""last_update"":""2024-05-27T12:07:39Z"",""markets"":[{""key"":""h2h"",""last_update"":""2024-05-27T12:07:39Z"",""outcomes"":[{""name"":""Jorge Masvidal"",""price"":1.44},{""name"":""Nate Diaz"",""price"":2.88},{""name"":""Draw"",""price"":13}]}]},{""key"":""betway"",""title"":""Betway"",""last_update"":""2024-05-27T12:06:41Z"",""markets"":[{""key"":""h2h"",""last_update"":""2024-05-27T12:06:41Z"",""outcomes"":[{""name"":""Jorge Masvidal"",""price"":1.4},{""name"":""Nate Diaz"",""price"":3},{""name"":""Draw"",""price"":17}]}]},{""key"":""virginbet"",""title"":""Virgin Bet"",""last_update"":""2024-05-27T12:07:20Z"",""markets"":[{""key"":""h2h"",""last_update"":""2024-05-27T12:07:20Z"",""outcomes"":[{""name"":""Jorge Masvidal"",""price"":1.4},{""name"":""Nate Diaz"",""price"":2.7}]}]},{""key"":""paddypower"",""title"":""Paddy Power"",""last_update"":""2024-05-27T12:07:29Z"",""markets"":[{""key"":""h2h"",""last_update"":""2024-05-27T12:07:29Z"",""outcomes"":[{""name"":""Jorge Masvidal"",""price"":1.44},{""name"":""Nate Diaz"",""price"":2.88},{""name"":""Draw"",""price"":13}]}]},{""key"":""livescorebet"",""title"":""LiveScore Bet"",""last_update"":""2024-05-27T12:07:25Z"",""markets"":[{""key"":""h2h"",""last_update"":""2024-05-27T12:07:25Z"",""outcomes"":[{""name"":""Jorge Masvidal"",""price"":1.4},{""name"":""Nate Diaz"",""price"":2.7}]}]},{""key"":""betfair_ex_uk"",""title"":""Betfair"",""last_update"":""2024-05-27T12:06:53Z"",""markets"":[{""key"":""h2h"",""last_update"":""2024-05-27T12:06:53Z"",""outcomes"":[{""name"":""Jorge Masvidal"",""price"":1.53},{""name"":""Nate Diaz"",""price"":3.1},{""name"":""Draw"",""price"":16}]},{""key"":""h2h_lay"",""last_update"":""2024-05-27T12:06:53Z"",""outcomes"":[{""name"":""Jorge Masvidal"",""price"":1.63},{""name"":""Nate Diaz"",""price"":3.55},{""name"":""Draw"",""price"":42}]}]},{""key"":""sport888"",""title"":""888sport"",""last_update"":""2024-05-27T12:07:43Z"",""markets"":[{""key"":""h2h"",""last_update"":""2024-05-27T12:07:43Z"",""outcomes"":[{""name"":""Jorge Masvidal"",""price"":1.36},{""name"":""Nate Diaz"",""price"":2.9},{""name"":""Draw"",""price"":17}]}]}]"
"fce6b1691e5bc462b6acf3158ee85dfa","boxing_boxing","Boxing","2024-07-07T02:00:00Z","O'Shaquie Foster","Robson Conceicao","[{""key"":""virginbet"",""title"":""Virgin Bet"",""last_update"":""2024-05-27T12:07:20Z"",""markets"":[{""key"":""h2h"",""last_update"":""2024-05-27T12:07:20Z"",""outcomes"":[{""name"":""O'Shaquie Foster"",""price"":1.31},{""name"":""Robson Conceicao"",""price"":3.1}]}]},{""key"":""betfair_sb_uk"",""title"":""Betfair Sportsbook"",""last_update"":""2024-05-27T12:07:39Z"",""markets"":[{""key"":""h2h"",""last_update"":""2024-05-27T12:07:39Z"",""outcomes"":[{""name"":""O'Shaquie Foster"",""price"":1.3},{""name"":""Robson Conceicao"",""price"":3.6},{""name"":""Draw"",""price"":17}]}]},{""key"":""livescorebet"",""title"":""LiveScore Bet"",""last_update"":""2024-05-27T12:07:25Z"",""markets"":[{""key"":""h2h"",""last_update"":""2024-05-27T12:07:25Z"",""outcomes"":[{""name"":""O'Shaquie Foster"",""price"":1.31},{""name"":""Robson Conceicao"",""price"":3.1}]}]},{""key"":""paddypower"",""title"":""Paddy Power"",""last_update"":""2024-05-27T12:07:29Z"",""markets"":[{""key"":""h2h"",""last_update"":""2024-05-27T12:07:29Z"",""outcomes"":[{""name"":""O'Shaquie Foster"",""price"":1.3},{""name"":""Robson Conceicao"",""price"":3.6},{""name"":""Draw"",""price"":17}]}]},{""key"":""unibet_uk"",""title"":""Unibet"",""last_update"":""2024-05-27T12:07:06Z"",""markets"":[{""key"":""h2h"",""last_update"":""2024-05-27T12:07:06Z"",""outcomes"":[{""name"":""O'Shaquie Foster"",""price"":1.36},{""name"":""Robson Conceicao"",""price"":3.1},{""name"":""Draw"",""price"":19}]}]},{""key"":""leovegas"",""title"":""LeoVegas"",""last_update"":""2024-05-27T12:07:06Z"",""markets"":[{""key"":""h2h"",""last_update"":""2024-05-27T12:07:06Z"",""outcomes"":[{""name"":""O'Shaquie Foster"",""price"":1.36},{""name"":""Robson Conceicao"",""price"":2.95},{""name"":""Draw"",""price"":14}]}]},{""key"":""grosvenor"",""title"":""Grosvenor"",""last_update"":""2024-05-27T12:07:44Z"",""markets"":[{""key"":""h2h"",""last_update"":""2024-05-27T12:07:44Z"",""outcomes"":[{""name"":""O'Shaquie Foster"",""price"":1.36},{""name"":""Robson Conceicao"",""price"":3.1},{""name"":""Draw"",""price"":19}]}]}]"
"84f1b13624248aba4197dcd509863591","boxing_boxing","Boxing","2024-07-07T03:00:00Z","Shakur Stevenson","Artem Harutyunyan","[{""key"":""virginbet"",""title"":""Virgin Bet"",""last_update"":""2024-05-27T12:07:20Z"",""markets"":[{""key"":""h2h"",""last_update"":""2024-05-27T12:07:20Z"",""outcomes"":[{""name"":""Artem Harutyunyan"",""price"":10.5},{""name"":""Shakur Stevenson"",""price"":1.02}]}]},{""key"":""betfair_sb_uk"",""title"":""Betfair Sportsbook"",""last_update"":""2024-05-27T12:07:39Z"",""markets"":[{""key"":""h2h"",""last_update"":""2024-05-27T12:07:39Z"",""outcomes"":[{""name"":""Artem Harutyunyan"",""price"":13},{""name"":""Shakur Stevenson"",""price"":1.03},{""name"":""Draw"",""price"":34}]}]},{""key"":""livescorebet"",""title"":""LiveScore Bet"",""last_update"":""2024-05-27T12:07:25Z"",""markets"":[{""key"":""h2h"",""last_update"":""2024-05-27T12:07:25Z"",""outcomes"":[{""name"":""Artem Harutyunyan"",""price"":10.5},{""name"":""Shakur Stevenson"",""price"":1.02}]}]},{""key"":""paddypower"",""title"":""Paddy Power"",""last_update"":""2024-05-27T12:07:29Z"",""markets"":[{""key"":""h2h"",""last_update"":""2024-05-27T12:07:29Z"",""outcomes"":[{""name"":""Artem Harutyunyan"",""price"":13},{""name"":""Shakur Stevenson"",""price"":1.03},{""name"":""Draw"",""price"":34}]}]},{""key"":""unibet_uk"",""title"":""Unibet"",""last_update"":""2024-05-27T12:07:06Z"",""markets"":[{""key"":""h2h"",""last_update"":""2024-05-27T12:07:06Z"",""outcomes"":[{""name"":""Artem Harutyunyan"",""price"":11.5},{""name"":""Shakur Stevenson"",""price"":1.06},{""name"":""Draw"",""price"":19}]}]},{""key"":""leovegas"",""title"":""LeoVegas"",""last_update"":""2024-05-27T12:07:06Z"",""markets"":[{""key"":""h2h"",""last_update"":""2024-05-27T12:07:06Z"",""outcomes"":[{""name"":""Artem Harutyunyan"",""price"":9.5},{""name"":""Shakur Stevenson"",""price"":1.06},{""name"":""Draw"",""price"":15}]}]},{""key"":""grosvenor"",""title"":""Grosvenor"",""last_update"":""2024-05-27T12:07:44Z"",""markets"":[{""key"":""h2h"",""last_update"":""2024-05-27T12:07:44Z"",""outcomes"":[{""name"":""Artem Harutyunyan"",""price"":11.5},{""name"":""Shakur Stevenson"",""price"":1.06},{""name"":""Draw"",""price"":19}]}]}]"
"873affb598bc1caafb248064cca544c2","boxing_boxing","Boxing","2024-07-07T03:00:00Z","William Zepeda","Giovanni Cabrera","[{""key"":""paddypower"",""title"":""Paddy Power"",""last_update"":""2024-05-27T12:07:29Z"",""markets"":[{""key"":""h2h"",""last_update"":""2024-05-27T12:07:29Z"",""outcomes"":[{""name"":""Giovanni Cabrera"",""price"":7.5},{""name"":""William Zepeda"",""price"":1.08},{""name"":""Draw"",""price"":21}]}]},{""key"":""betfair_sb_uk"",""title"":""Betfair Sportsbook"",""last_update"":""2024-05-27T12:07:39Z"",""markets"":[{""key"":""h2h"",""last_update"":""2024-05-27T12:07:39Z"",""outcomes"":[{""name"":""Giovanni Cabrera"",""price"":7.5},{""name"":""William Zepeda"",""price"":1.08},{""name"":""Draw"",""price"":21}]}]}]"
"45f626e60997d8297d1c2f9e9e2c7a82","boxing_boxing","Boxing","2024-07-14T03:00:00Z","Jaron Ennis","Cody Crowley","[{""key"":""paddypower"",""title"":""Paddy Power"",""last_update"":""2024-05-27T12:07:29Z"",""markets"":[{""key"":""h2h"",""last_update"":""2024-05-27T12:07:29Z"",""outcomes"":[{""name"":""Cody Crowley"",""price"":8.5},{""name"":""Jaron Ennis"",""price"":1.07},{""name"":""Draw"",""price"":26}]}]},{""key"":""betfair_sb_uk"",""title"":""Betfair Sportsbook"",""last_update"":""2024-05-27T12:07:39Z"",""markets"":[{""key"":""h2h"",""last_update"":""2024-05-27T12:07:39Z"",""outcomes"":[{""name"":""Cody Crowley"",""price"":8.5},{""name"":""Jaron Ennis"",""price"":1.07},{""name"":""Draw"",""price"":26}]}]},{""key"":""virginbet"",""title"":""Virgin Bet"",""last_update"":""2024-05-27T12:07:20Z"",""markets"":[{""key"":""h2h"",""last_update"":""2024-05-27T12:07:20Z"",""outcomes"":[{""name"":""Cody Crowley"",""price"":8.5},{""name"":""Jaron Ennis"",""price"":1.04}]}]},{""key"":""livescorebet"",""title"":""LiveScore Bet"",""last_update"":""2024-05-27T12:07:25Z"",""markets"":[{""key"":""h2h"",""last_update"":""2024-05-27T12:07:25Z"",""outcomes"":[{""name"":""Cody Crowley"",""price"":8.5},{""name"":""Jaron Ennis"",""price"":1.04}]}]},{""key"":""leovegas"",""title"":""LeoVegas"",""last_update"":""2024-05-27T12:07:06Z"",""markets"":[{""key"":""h2h"",""last_update"":""2024-05-27T12:07:06Z"",""outcomes"":[{""name"":""Cody Crowley"",""price"":8},{""name"":""Jaron Ennis"",""price"":1.08},{""name"":""Draw"",""price"":15}]}]},{""key"":""unibet_uk"",""title"":""Unibet"",""last_update"":""2024-05-27T12:07:06Z"",""markets"":[{""key"":""h2h"",""last_update"":""2024-05-27T12:07:06Z"",""outcomes"":[{""name"":""Cody Crowley"",""price"":9.5},{""name"":""Jaron Ennis"",""price"":1.08},{""name"":""Draw"",""price"":19}]}]},{""key"":""grosvenor"",""title"":""Grosvenor"",""last_update"":""2024-05-27T12:07:44Z"",""markets"":[{""key"":""h2h"",""last_update"":""2024-05-27T12:07:44Z"",""outcomes"":[{""name"":""Cody Crowley"",""price"":9.5},{""name"":""Jaron Ennis"",""price"":1.08},{""name"":""Draw"",""price"":19}]}]}]"
"58bf1240250be93eaddab63945cf2762","boxing_boxing","Boxing","2024-07-20T18:00:00Z","Ashley Lane","Andrew Cain","[{""key"":""betfair_sb_uk"",""title"":""Betfair Sportsbook"",""last_update"":""2024-05-27T12:07:39Z"",""markets"":[{""key"":""h2h"",""last_update"":""2024-05-27T12:07:39Z"",""outcomes"":[{""name"":""Andrew Cain"",""price"":1.07},{""name"":""Ashley Lane"",""price"":8.5},{""name"":""Draw"",""price"":21}]}]},{""key"":""paddypower"",""title"":""Paddy Power"",""last_update"":""2024-05-27T12:07:29Z"",""markets"":[{""key"":""h2h"",""last_update"":""2024-05-27T12:07:29Z"",""outcomes"":[{""name"":""Andrew Cain"",""price"":1.07},{""name"":""Ashley Lane"",""price"":8.5},{""name"":""Draw"",""price"":21}]}]}]"
"d6ef955a6181b64878d122b40684f858","boxing_boxing","Boxing","2024-07-20T18:00:00Z","Solomon Dacres","David Adeleye","[{""key"":""betfair_sb_uk"",""title"":""Betfair Sportsbook"",""last_update"":""2024-05-27T12:07:39Z"",""markets"":[{""key"":""h2h"",""last_update"":""2024-05-27T12:07:39Z"",""outcomes"":[{""name"":""David Adeleye"",""price"":1.44},{""name"":""Solomon Dacres"",""price"":2.8},{""name"":""Draw"",""price"":17}]}]},{""key"":""paddypower"",""title"":""Paddy Power"",""last_update"":""2024-05-27T12:07:29Z"",""markets"":[{""key"":""h2h"",""last_update"":""2024-05-27T12:07:29Z"",""outcomes"":[{""name"":""David Adeleye"",""price"":1.44},{""name"":""Solomon Dacres"",""price"":2.8},{""name"":""Draw"",""price"":17}]}]}]"
"bfff389e6aba2102f4ade4f3ce53ecee","boxing_boxing","Boxing","2024-07-20T19:00:00Z","Chantelle Cameron","Elhem Mekhaled","[{""key"":""betfair_sb_uk"",""title"":""Betfair Sportsbook"",""last_update"":""2024-05-27T12:07:39Z"",""markets"":[{""key"":""h2h"",""last_update"":""2024-05-27T12:07:39Z"",""outcomes"":[{""name"":""Chantelle Cameron"",""price"":1.08},{""name"":""Elhem Mekhaled"",""price"":7.5},{""name"":""Draw"",""price"":21}]}]},{""key"":""paddypower"",""title"":""Paddy Power"",""last_update"":""2024-05-27T12:07:29Z"",""markets"":[{""key"":""h2h"",""last_update"":""2024-05-27T12:07:29Z"",""outcomes"":[{""name"":""Chantelle Cameron"",""price"":1.08},{""name"":""Elhem Mekhaled"",""price"":7.5},{""name"":""Draw"",""price"":21}]}]}]"
"8ea8b218964f931376ced41dde14209b","boxing_boxing","Boxing","2024-07-20T20:30:00Z","Liam Davies","Shabaz Masoud","[{""key"":""betfair_sb_uk"",""title"":""Betfair Sportsbook"",""last_update"":""2024-05-27T12:07:39Z"",""markets"":[{""key"":""h2h"",""last_update"":""2024-05-27T12:07:39Z"",""outcomes"":[{""name"":""Liam Davies"",""price"":1.4},{""name"":""Shabaz Masoud"",""price"":2.88},{""name"":""Draw"",""price"":17}]}]},{""key"":""paddypower"",""title"":""Paddy Power"",""last_update"":""2024-05-27T12:07:29Z"",""markets"":[{""key"":""h2h"",""last_update"":""2024-05-27T12:07:29Z"",""outcomes"":[{""name"":""Liam Davies"",""price"":1.4},{""name"":""Shabaz Masoud"",""price"":2.88},{""name"":""Draw"",""price"":17}]}]}]"
"fecddcbbe3d59d6c9ef735a5e87b3a5a","boxing_boxing","Boxing","2024-07-20T21:30:00Z","Nathan Heaney","Brad Pauls","[{""key"":""betfair_sb_uk"",""title"":""Betfair Sportsbook"",""last_update"":""2024-05-27T12:07:39Z"",""markets"":[{""key"":""h2h"",""last_update"":""2024-05-27T12:07:39Z"",""outcomes"":[{""name"":""Brad Pauls"",""price"":2.63},{""name"":""Nathan Heaney"",""price"":1.5},{""name"":""Draw"",""price"":17}]}]},{""key"":""betfair_ex_uk"",""title"":""Betfair"",""last_update"":""2024-05-27T12:06:53Z"",""markets"":[{""key"":""h2h"",""last_update"":""2024-05-27T12:06:53Z"",""outcomes"":[{""name"":""Brad Pauls"",""price"":2.86},{""name"":""Nathan Heaney"",""price"":1.58},{""name"":""Draw"",""price"":20}]},{""key"":""h2h_lay"",""last_update"":""2024-05-27T12:06:53Z"",""outcomes"":[{""name"":""Brad Pauls"",""price"":3.2},{""name"":""Nathan Heaney"",""price"":1.67},{""name"":""Draw"",""price"":60}]}]},{""key"":""paddypower"",""title"":""Paddy Power"",""last_update"":""2024-05-27T12:07:29Z"",""markets"":[{""key"":""h2h"",""last_update"":""2024-05-27T12:07:29Z"",""outcomes"":[{""name"":""Brad Pauls"",""price"":2.62},{""name"":""Nathan Heaney"",""price"":1.5},{""name"":""Draw"",""price"":17}]}]}]"
"ecaa0296f75a48ff9297fd30f83ff4d3","boxing_boxing","Boxing","2024-07-21T00:00:00Z","Katie Taylor","Amanda Serrano","[{""key"":""unibet_uk"",""title"":""Unibet"",""last_update"":""2024-05-27T12:07:06Z"",""markets"":[{""key"":""h2h"",""last_update"":""2024-05-27T12:07:06Z"",""outcomes"":[{""name"":""Amanda Serrano"",""price"":2.2},{""name"":""Katie Taylor"",""price"":1.65},{""name"":""Draw"",""price"":19}]}]},{""key"":""grosvenor"",""title"":""Grosvenor"",""last_update"":""2024-05-27T12:07:44Z"",""markets"":[{""key"":""h2h"",""last_update"":""2024-05-27T12:07:44Z"",""outcomes"":[{""name"":""Amanda Serrano"",""price"":2.2},{""name"":""Katie Taylor"",""price"":1.65},{""name"":""Draw"",""price"":19}]}]},{""key"":""paddypower"",""title"":""Paddy Power"",""last_update"":""2024-05-27T12:07:29Z"",""markets"":[{""key"":""h2h"",""last_update"":""2024-05-27T12:07:29Z"",""outcomes"":[{""name"":""Amanda Serrano"",""price"":2.4},{""name"":""Katie Taylor"",""price"":1.57},{""name"":""Draw"",""price"":15}]}]},{""key"":""betfair_sb_uk"",""title"":""Betfair Sportsbook"",""last_update"":""2024-05-27T12:07:39Z"",""markets"":[{""key"":""h2h"",""last_update"":""2024-05-27T12:07:39Z"",""outcomes"":[{""name"":""Amanda Serrano"",""price"":2.4},{""name"":""Katie Taylor"",""price"":1.57},{""name"":""Draw"",""price"":15}]}]},{""key"":""leovegas"",""title"":""LeoVegas"",""last_update"":""2024-05-27T12:07:06Z"",""markets"":[{""key"":""h2h"",""last_update"":""2024-05-27T12:07:06Z"",""outcomes"":[{""name"":""Amanda Serrano"",""price"":2.14},{""name"":""Katie Taylor"",""price"":1.63},{""name"":""Draw"",""price"":14}]}]},{""key"":""betfair_ex_uk"",""title"":""Betfair"",""last_update"":""2024-05-27T12:06:53Z"",""markets"":[{""key"":""h2h"",""last_update"":""2024-05-27T12:06:53Z"",""outcomes"":[{""name"":""Amanda Serrano"",""price"":1.75},{""name"":""Katie Taylor"",""price"":1.75},{""name"":""Draw"",""price"":9.4}]},{""key"":""h2h_lay"",""last_update"":""2024-05-27T12:06:53Z"",""outcomes"":[{""name"":""Amanda Serrano"",""price"":2.68},{""name"":""Katie Taylor"",""price"":3.15},{""name"":""Draw"",""price"":25}]}]},{""key"":""virginbet"",""title"":""Virgin Bet"",""last_update"":""2024-05-27T12:07:20Z"",""markets"":[{""key"":""h2h"",""last_update"":""2024-05-27T12:07:20Z"",""outcomes"":[{""name"":""Amanda Serrano"",""price"":2.2},{""name"":""Katie Taylor"",""price"":1.62}]}]},{""key"":""livescorebet"",""title"":""LiveScore Bet"",""last_update"":""2024-05-27T12:07:25Z"",""markets"":[{""key"":""h2h"",""last_update"":""2024-05-27T12:07:25Z"",""outcomes"":[{""name"":""Amanda Serrano"",""price"":2.2},{""name"":""Katie Taylor"",""price"":1.62}]}]},{""key"":""coral"",""title"":""Coral"",""last_update"":""2024-05-27T12:07:17Z"",""markets"":[{""key"":""h2h"",""last_update"":""2024-05-27T12:07:17Z"",""outcomes"":[{""name"":""Amanda Serrano"",""price"":2.37},{""name"":""Katie Taylor"",""price"":1.67},{""name"":""Draw"",""price"":13}]}]},{""key"":""betway"",""title"":""Betway"",""last_update"":""2024-05-27T12:06:41Z"",""markets"":[{""key"":""h2h"",""last_update"":""2024-05-27T12:06:41Z"",""outcomes"":[{""name"":""Amanda Serrano"",""price"":2.25},{""name"":""Katie Taylor"",""price"":1.67},{""name"":""Draw"",""price"":15}]}]},{""key"":""sport888"",""title"":""888sport"",""last_update"":""2024-05-27T12:07:43Z"",""markets"":[{""key"":""h2h"",""last_update"":""2024-05-27T12:07:43Z"",""outcomes"":[{""name"":""Amanda Serrano"",""price"":2.25},{""name"":""Katie Taylor"",""price"":1.7},{""name"":""Draw"",""price"":17}]}]}]"
"5a424f4b7d306d995df06675ac462aec","boxing_boxing","Boxing","2024-07-21T00:00:00Z","Ashton Sylve","Floyd Scholfield","[{""key"":""paddypower"",""title"":""Paddy Power"",""last_update"":""2024-05-27T12:07:29Z"",""markets"":[{""key"":""h2h"",""last_update"":""2024-05-27T12:07:29Z"",""outcomes"":[{""name"":""Ashton Sylve"",""price"":2.62},{""name"":""Floyd Scholfield"",""price"":1.5},{""name"":""Draw"",""price"":17}]}]},{""key"":""betfair_sb_uk"",""title"":""Betfair Sportsbook"",""last_update"":""2024-05-27T12:07:39Z"",""markets"":[{""key"":""h2h"",""last_update"":""2024-05-27T12:07:39Z"",""outcomes"":[{""name"":""Ashton Sylve"",""price"":2.63},{""name"":""Floyd Scholfield"",""price"":1.5},{""name"":""Draw"",""price"":17}]}]},{""key"":""virginbet"",""title"":""Virgin Bet"",""last_update"":""2024-05-27T12:07:20Z"",""markets"":[{""key"":""h2h"",""last_update"":""2024-05-27T12:07:20Z"",""outcomes"":[{""name"":""Ashton Sylve"",""price"":2.5},{""name"":""Floyd Scholfield"",""price"":1.48}]}]},{""key"":""livescorebet"",""title"":""LiveScore Bet"",""last_update"":""2024-05-27T12:07:25Z"",""markets"":[{""key"":""h2h"",""last_update"":""2024-05-27T12:07:25Z"",""outcomes"":[{""name"":""Ashton Sylve"",""price"":2.5},{""name"":""Floyd Scholfield"",""price"":1.48}]}]}]"
"de1c49723fb496f4702b18964934356c","boxing_boxing","Boxing","2024-07-21T03:00:00Z","Jake Paul","Mike Tyson","[{""key"":""virginbet"",""title"":""Virgin Bet"",""last_update"":""2024-05-27T12:07:20Z"",""markets"":[{""key"":""h2h"",""last_update"":""2024-05-27T12:07:20Z"",""outcomes"":[{""name"":""Jake Paul"",""price"":1.53},{""name"":""Mike Tyson"",""price"":2.45}]}]},{""key"":""livescorebet"",""title"":""LiveScore Bet"",""last_update"":""2024-05-27T12:07:25Z"",""markets"":[{""key"":""h2h"",""last_update"":""2024-05-27T12:07:25Z"",""outcomes"":[{""name"":""Jake Paul"",""price"":1.53},{""name"":""Mike Tyson"",""price"":2.45}]}]},{""key"":""betfair_ex_uk"",""title"":""Betfair"",""last_update"":""2024-05-27T12:06:53Z"",""markets"":[{""key"":""h2h"",""last_update"":""2024-05-27T12:06:53Z"",""outcomes"":[{""name"":""Jake Paul"",""price"":1.6},{""name"":""Mike Tyson"",""price"":3.25},{""name"":""Draw"",""price"":10.5}]},{""key"":""h2h_lay"",""last_update"":""2024-05-27T12:06:53Z"",""outcomes"":[{""name"":""Jake Paul"",""price"":1.64},{""name"":""Mike Tyson"",""price"":3.45},{""name"":""Draw"",""price"":11.5}]}]},{""key"":""betway"",""title"":""Betway"",""last_update"":""2024-05-27T12:06:41Z"",""markets"":[{""key"":""h2h"",""last_update"":""2024-05-27T12:06:41Z"",""outcomes"":[{""name"":""Jake Paul"",""price"":1.57},{""name"":""Mike Tyson"",""price"":2.38}]}]},{""key"":""coral"",""title"":""Coral"",""last_update"":""2024-05-27T12:07:17Z"",""markets"":[{""key"":""h2h"",""last_update"":""2024-05-27T12:07:17Z"",""outcomes"":[{""name"":""Jake Paul"",""price"":1.67},{""name"":""Mike Tyson"",""price"":2.5},{""name"":""Draw"",""price"":9}]}]},{""key"":""sport888"",""title"":""888sport"",""last_update"":""2024-05-27T12:07:43Z"",""markets"":[{""key"":""h2h"",""last_update"":""2024-05-27T12:07:43Z"",""outcomes"":[{""name"":""Jake Paul"",""price"":1.5},{""name"":""Mike Tyson"",""price"":2.7},{""name"":""Draw"",""price"":10}]}]}]"
"3e1a22bff00f79d4b4e8fa20b1262049","boxing_boxing","Boxing","2024-07-27T20:00:00Z","Dennis McCann","Ionut Baluta","[{""key"":""betfair_sb_uk"",""title"":""Betfair Sportsbook"",""last_update"":""2024-05-27T12:07:39Z"",""markets"":[{""key"":""h2h"",""last_update"":""2024-05-27T12:07:39Z"",""outcomes"":[{""name"":""Dennis McCann"",""price"":1.33},{""name"":""Ionut Baluta"",""price"":3.4},{""name"":""Draw"",""price"":17}]}]},{""key"":""paddypower"",""title"":""Paddy Power"",""last_update"":""2024-05-27T12:07:29Z"",""markets"":[{""key"":""h2h"",""last_update"":""2024-05-27T12:07:29Z"",""outcomes"":[{""name"":""Dennis McCann"",""price"":1.33},{""name"":""Ionut Baluta"",""price"":3.4},{""name"":""Draw"",""price"":17}]}]}]"
"2ed4a3667393e55acecef9db92d0d2f5","boxing_boxing","Boxing","2024-07-27T20:00:00Z","Joe Joyce","Derek Chisora","[{""key"":""unibet_uk"",""title"":""Unibet"",""last_update"":""2024-05-27T12:07:06Z"",""markets"":[{""key"":""h2h"",""last_update"":""2024-05-27T12:07:06Z"",""outcomes"":[{""name"":""Derek Chisora"",""price"":3.3},{""name"":""Joe Joyce"",""price"":1.32},{""name"":""Draw"",""price"":19}]}]},{""key"":""grosvenor"",""title"":""Grosvenor"",""last_update"":""2024-05-27T12:07:44Z"",""markets"":[{""key"":""h2h"",""last_update"":""2024-05-27T12:07:44Z"",""outcomes"":[{""name"":""Derek Chisora"",""price"":3.3},{""name"":""Joe Joyce"",""price"":1.32},{""name"":""Draw"",""price"":19}]}]},{""key"":""leovegas"",""title"":""LeoVegas"",""last_update"":""2024-05-27T12:07:06Z"",""markets"":[{""key"":""h2h"",""last_update"":""2024-05-27T12:07:06Z"",""outcomes"":[{""name"":""Derek Chisora"",""price"":3.1},{""name"":""Joe Joyce"",""price"":1.32},{""name"":""Draw"",""price"":14}]}]},{""key"":""betfair_sb_uk"",""title"":""Betfair Sportsbook"",""last_update"":""2024-05-27T12:07:39Z"",""markets"":[{""key"":""h2h"",""last_update"":""2024-05-27T12:07:39Z"",""outcomes"":[{""name"":""Derek Chisora"",""price"":3.6},{""name"":""Joe Joyce"",""price"":1.3},{""name"":""Draw"",""price"":17}]}]},{""key"":""paddypower"",""title"":""Paddy Power"",""last_update"":""2024-05-27T12:07:29Z"",""markets"":[{""key"":""h2h"",""last_update"":""2024-05-27T12:07:29Z"",""outcomes"":[{""name"":""Derek Chisora"",""price"":3.6},{""name"":""Joe Joyce"",""price"":1.3},{""name"":""Draw"",""price"":17}]}]}]"
"2d29abd785191bedd87638c3f408dbe6","boxing_boxing","Boxing","2024-08-04T00:00:00Z","Andy Cruz","Antonio Moran","[{""key"":""virginbet"",""title"":""Virgin Bet"",""last_update"":""2024-05-27T12:07:20Z"",""markets"":[{""key"":""h2h"",""last_update"":""2024-05-27T12:07:20Z"",""outcomes"":[{""name"":""Andy Cruz"",""price"":1.04},{""name"":""Antonio Moran"",""price"":9}]}]},{""key"":""livescorebet"",""title"":""LiveScore Bet"",""last_update"":""2024-05-27T12:07:25Z"",""markets"":[{""key"":""h2h"",""last_update"":""2024-05-27T12:07:25Z"",""outcomes"":[{""name"":""Andy Cruz"",""price"":1.04},{""name"":""Antonio Moran"",""price"":9}]}]},{""key"":""betfair_sb_uk"",""title"":""Betfair Sportsbook"",""last_update"":""2024-05-27T12:07:39Z"",""markets"":[{""key"":""h2h"",""last_update"":""2024-05-27T12:07:39Z"",""outcomes"":[{""name"":""Andy Cruz"",""price"":1.06},{""name"":""Antonio Moran"",""price"":9.5},{""name"":""Draw"",""price"":26}]}]},{""key"":""paddypower"",""title"":""Paddy Power"",""last_update"":""2024-05-27T12:07:29Z"",""markets"":[{""key"":""h2h"",""last_update"":""2024-05-27T12:07:29Z"",""outcomes"":[{""name"":""Andy Cruz"",""price"":1.06},{""name"":""Antonio Moran"",""price"":9.5},{""name"":""Draw"",""price"":26}]}]}]"
"b75b2b5026acd8fab1684f30200fff81","boxing_boxing","Boxing","2024-08-04T00:00:00Z","David Morrell","Radivoje Kalajdzic","[{""key"":""virginbet"",""title"":""Virgin Bet"",""last_update"":""2024-05-27T12:07:20Z"",""markets"":[{""key"":""h2h"",""last_update"":""2024-05-27T12:07:20Z"",""outcomes"":[{""name"":""David Morrell"",""price"":1.02},{""name"":""Radivoje Kalajdzic"",""price"":10}]}]},{""key"":""livescorebet"",""title"":""LiveScore Bet"",""last_update"":""2024-05-27T12:07:25Z"",""markets"":[{""key"":""h2h"",""last_update"":""2024-05-27T12:07:25Z"",""outcomes"":[{""name"":""David Morrell"",""price"":1.02},{""name"":""Radivoje Kalajdzic"",""price"":10}]}]},{""key"":""betfair_sb_uk"",""title"":""Betfair Sportsbook"",""last_update"":""2024-05-27T12:07:39Z"",""markets"":[{""key"":""h2h"",""last_update"":""2024-05-27T12:07:39Z"",""outcomes"":[{""name"":""David Morrell"",""price"":1.04},{""name"":""Radivoje Kalajdzic"",""price"":11},{""name"":""Draw"",""price"":26}]}]},{""key"":""paddypower"",""title"":""Paddy Power"",""last_update"":""2024-05-27T12:07:29Z"",""markets"":[{""key"":""h2h"",""last_update"":""2024-05-27T12:07:29Z"",""outcomes"":[{""name"":""David Morrell"",""price"":1.04},{""name"":""Radivoje Kalajdzic"",""price"":11},{""name"":""Draw"",""price"":26}]}]}]"
"39920669e3f1c799cc7afd71656ae1e3","boxing_boxing","Boxing","2024-08-04T01:00:00Z","Andy Ruiz Jr","Jarrell Miller","[{""key"":""virginbet"",""title"":""Virgin Bet"",""last_update"":""2024-05-27T12:07:20Z"",""markets"":[{""key"":""h2h"",""last_update"":""2024-05-27T12:07:20Z"",""outcomes"":[{""name"":""Andy Ruiz Jr"",""price"":1.25},{""name"":""Jarrell Miller"",""price"":3.6}]}]},{""key"":""livescorebet"",""title"":""LiveScore Bet"",""last_update"":""2024-05-27T12:07:25Z"",""markets"":[{""key"":""h2h"",""last_update"":""2024-05-27T12:07:25Z"",""outcomes"":[{""name"":""Andy Ruiz Jr"",""price"":1.25},{""name"":""Jarrell Miller"",""price"":3.6}]}]},{""key"":""betfair_sb_uk"",""title"":""Betfair Sportsbook"",""last_update"":""2024-05-27T12:07:39Z"",""markets"":[{""key"":""h2h"",""last_update"":""2024-05-27T12:07:39Z"",""outcomes"":[{""name"":""Andy Ruiz Jr"",""price"":1.29},{""name"":""Jarrell Miller"",""price"":3.75},{""name"":""Draw"",""price"":17}]}]},{""key"":""paddypower"",""title"":""Paddy Power"",""last_update"":""2024-05-27T12:07:29Z"",""markets"":[{""key"":""h2h"",""last_update"":""2024-05-27T12:07:29Z"",""outcomes"":[{""name"":""Andy Ruiz Jr"",""price"":1.29},{""name"":""Jarrell Miller"",""price"":3.75},{""name"":""Draw"",""price"":17}]}]},{""key"":""betfair_ex_uk"",""title"":""Betfair"",""last_update"":""2024-05-27T12:06:53Z"",""markets"":[{""key"":""h2h"",""last_update"":""2024-05-27T12:06:53Z"",""outcomes"":[{""name"":""Andy Ruiz Jr"",""price"":1.35},{""name"":""Jarrell Miller"",""price"":3.9},{""name"":""Draw"",""price"":20}]},{""key"":""h2h_lay"",""last_update"":""2024-05-27T12:06:53Z"",""outcomes"":[{""name"":""Andy Ruiz Jr"",""price"":1.45},{""name"":""Jarrell Miller"",""price"":4.8},{""name"":""Draw"",""price"":1000}]}]}]"
"32b65e2430022fa91ef343fdcbf858ac","boxing_boxing","Boxing","2024-08-04T02:00:00Z","Isaac Cruz","Jose Valenzuela","[{""key"":""virginbet"",""title"":""Virgin Bet"",""last_update"":""2024-05-27T12:07:20Z"",""markets"":[{""key"":""h2h"",""last_update"":""2024-05-27T12:07:20Z"",""outcomes"":[{""name"":""Isaac Cruz"",""price"":1.17},{""name"":""Jose Valenzuela"",""price"":4.33}]}]},{""key"":""livescorebet"",""title"":""LiveScore Bet"",""last_update"":""2024-05-27T12:07:25Z"",""markets"":[{""key"":""h2h"",""last_update"":""2024-05-27T12:07:25Z"",""outcomes"":[{""name"":""Isaac Cruz"",""price"":1.17},{""name"":""Jose Valenzuela"",""price"":4.33}]}]},{""key"":""betfair_sb_uk"",""title"":""Betfair Sportsbook"",""last_update"":""2024-05-27T12:07:39Z"",""markets"":[{""key"":""h2h"",""last_update"":""2024-05-27T12:07:39Z"",""outcomes"":[{""name"":""Isaac Cruz"",""price"":1.2},{""name"":""Jose Valenzuela"",""price"":4.5},{""name"":""Draw"",""price"":17}]}]}]"
"8662431dbd91a380dd411088e182cbb7","boxing_boxing","Boxing","2024-08-04T02:00:00Z","Israil Madrimov","Terence Crawford","[{""key"":""unibet_uk"",""title"":""Unibet"",""last_update"":""2024-05-27T12:07:06Z"",""markets"":[{""key"":""h2h"",""last_update"":""2024-05-27T12:07:06Z"",""outcomes"":[{""name"":""Israil Madrimov"",""price"":5.1},{""name"":""Terence Crawford"",""price"":1.17},{""name"":""Draw"",""price"":19}]}]},{""key"":""grosvenor"",""title"":""Grosvenor"",""last_update"":""2024-05-27T12:07:44Z"",""markets"":[{""key"":""h2h"",""last_update"":""2024-05-27T12:07:44Z"",""outcomes"":[{""name"":""Israil Madrimov"",""price"":5.1},{""name"":""Terence Crawford"",""price"":1.17},{""name"":""Draw"",""price"":19}]}]},{""key"":""leovegas"",""title"":""LeoVegas"",""last_update"":""2024-05-27T12:07:06Z"",""markets"":[{""key"":""h2h"",""last_update"":""2024-05-27T12:07:06Z"",""outcomes"":[{""name"":""Israil Madrimov"",""price"":4.6},{""name"":""Terence Crawford"",""price"":1.17},{""name"":""Draw"",""price"":14}]}]},{""key"":""betfair_sb_uk"",""title"":""Betfair Sportsbook"",""last_update"":""2024-05-27T12:07:39Z"",""markets"":[{""key"":""h2h"",""last_update"":""2024-05-27T12:07:39Z"",""outcomes"":[{""name"":""Israil Madrimov"",""price"":5},{""name"":""Terence Crawford"",""price"":1.17},{""name"":""Draw"",""price"":17}]}]},{""key"":""betfair_ex_uk"",""title"":""Betfair"",""last_update"":""2024-05-27T12:06:53Z"",""markets"":[{""key"":""h2h"",""last_update"":""2024-05-27T12:06:53Z"",""outcomes"":[{""name"":""Israil Madrimov"",""price"":5.5},{""name"":""Terence Crawford"",""price"":1.19},{""name"":""Draw"",""price"":20}]},{""key"":""h2h_lay"",""last_update"":""2024-05-27T12:06:53Z"",""outcomes"":[{""name"":""Israil Madrimov"",""price"":6.6},{""name"":""Terence Crawford"",""price"":1.28},{""name"":""Draw"",""price"":990}]}]},{""key"":""virginbet"",""title"":""Virgin Bet"",""last_update"":""2024-05-27T12:07:20Z"",""markets"":[{""key"":""h2h"",""last_update"":""2024-05-27T12:07:20Z"",""outcomes"":[{""name"":""Israil Madrimov"",""price"":5},{""name"":""Terence Crawford"",""price"":1.13}]}]},{""key"":""livescorebet"",""title"":""LiveScore Bet"",""last_update"":""2024-05-27T12:07:25Z"",""markets"":[{""key"":""h2h"",""last_update"":""2024-05-27T12:07:25Z"",""outcomes"":[{""name"":""Israil Madrimov"",""price"":5},{""name"":""Terence Crawford"",""price"":1.13}]}]},{""key"":""coral"",""title"":""Coral"",""last_update"":""2024-05-27T12:07:17Z"",""markets"":[{""key"":""h2h"",""last_update"":""2024-05-27T12:07:17Z"",""outcomes"":[{""name"":""Israil Madrimov"",""price"":5.5},{""name"":""Terence Crawford"",""price"":1.17},{""name"":""Draw"",""price"":19}]}]}]"
"45914abf85a2b52a25a05d6765ae73b2","boxing_boxing","Boxing","2024-08-04T02:00:00Z","Tim Tszyu","Vergil Ortiz Jr","[{""key"":""betfair_sb_uk"",""title"":""Betfair Sportsbook"",""last_update"":""2024-05-27T12:07:39Z"",""markets"":[{""key"":""h2h"",""last_update"":""2024-05-27T12:07:39Z"",""outcomes"":[{""name"":""Tim Tszyu"",""price"":2},{""name"":""Vergil Ortiz Jr"",""price"":1.8},{""name"":""Draw"",""price"":17}]}]},{""key"":""paddypower"",""title"":""Paddy Power"",""last_update"":""2024-05-27T12:07:29Z"",""markets"":[{""key"":""h2h"",""last_update"":""2024-05-27T12:07:29Z"",""outcomes"":[{""name"":""Tim Tszyu"",""price"":2},{""name"":""Vergil Ortiz Jr"",""price"":1.8},{""name"":""Draw"",""price"":17}]}]},{""key"":""virginbet"",""title"":""Virgin Bet"",""last_update"":""2024-05-27T12:07:20Z"",""markets"":[{""key"":""h2h"",""last_update"":""2024-05-27T12:07:20Z"",""outcomes"":[{""name"":""Tim Tszyu"",""price"":2.05},{""name"":""Vergil Ortiz Jr"",""price"":1.7}]}]},{""key"":""livescorebet"",""title"":""LiveScore Bet"",""last_update"":""2024-05-27T12:07:25Z"",""markets"":[{""key"":""h2h"",""last_update"":""2024-05-27T12:07:25Z"",""outcomes"":[{""name"":""Tim Tszyu"",""price"":2.05},{""name"":""Vergil Ortiz Jr"",""price"":1.7}]}]},{""key"":""coral"",""title"":""Coral"",""last_update"":""2024-05-27T12:07:17Z"",""markets"":[{""key"":""h2h"",""last_update"":""2024-05-27T12:07:17Z"",""outcomes"":[{""name"":""Tim Tszyu"",""price"":2.2},{""name"":""Vergil Ortiz Jr"",""price"":1.73},{""name"":""Draw"",""price"":17}]}]},{""key"":""betfair_ex_uk"",""title"":""Betfair"",""last_update"":""2024-05-27T12:06:53Z"",""markets"":[{""key"":""h2h"",""last_update"":""2024-05-27T12:06:53Z"",""outcomes"":[{""name"":""Tim Tszyu"",""price"":2.18},{""name"":""Vergil Ortiz Jr"",""price"":1.91},{""name"":""Draw"",""price"":20}]},{""key"":""h2h_lay"",""last_update"":""2024-05-27T12:06:53Z"",""outcomes"":[{""name"":""Tim Tszyu"",""price"":2.36},{""name"":""Vergil Ortiz Jr"",""price"":2.04},{""name"":""Draw"",""price"":60}]}]}]"
"7ef3c329d0b524853fe09df62415d82f","boxing_boxing","Boxing","2024-10-12T22:00:00Z","Oleksandr Usyk","Tyson Fury","[{""key"":""virginbet"",""title"":""Virgin Bet"",""last_update"":""2024-05-27T12:07:20Z"",""markets"":[{""key"":""h2h"",""last_update"":""2024-05-27T12:07:20Z"",""outcomes"":[{""name"":""Oleksandr Usyk"",""price"":1.53},{""name"":""Tyson Fury"",""price"":2.3}]}]},{""key"":""livescorebet"",""title"":""LiveScore Bet"",""last_update"":""2024-05-27T12:07:25Z"",""markets"":[{""key"":""h2h"",""last_update"":""2024-05-27T12:07:25Z"",""outcomes"":[{""name"":""Oleksandr Usyk"",""price"":1.53},{""name"":""Tyson Fury"",""price"":2.3}]}]}]"
"6343a9faeffe67763f1763be3738c845","boxing_boxing","Boxing","2024-12-31T00:00:00Z","Anthony Yarde","Joshua Buatsi","[{""key"":""betfair_sb_uk"",""title"":""Betfair Sportsbook"",""last_update"":""2024-05-27T12:07:39Z"",""markets"":[{""key"":""h2h"",""last_update"":""2024-05-27T12:07:39Z"",""outcomes"":[{""name"":""Anthony Yarde"",""price"":1.91},{""name"":""Joshua Buatsi"",""price"":1.91},{""name"":""Draw"",""price"":17}]}]}]"
"e126ddce6a20ff6888a4b20afd4d5b8c","boxing_boxing","Boxing","2024-12-31T00:00:00Z","Oleksandr Usyk","Tyson Fury","[{""key"":""betfair_sb_uk"",""title"":""Betfair Sportsbook"",""last_update"":""2024-05-27T12:07:39Z"",""markets"":[{""key"":""h2h"",""last_update"":""2024-05-27T12:07:39Z"",""outcomes"":[{""name"":""Oleksandr Usyk"",""price"":1.53},{""name"":""Tyson Fury"",""price"":2.5},{""name"":""Draw"",""price"":15}]}]},{""key"":""coral"",""title"":""Coral"",""last_update"":""2024-05-27T12:07:17Z"",""markets"":[{""key"":""h2h"",""last_update"":""2024-05-27T12:07:17Z"",""outcomes"":[{""name"":""Oleksandr Usyk"",""price"":1.67},{""name"":""Tyson Fury"",""price"":2.37},{""name"":""Draw"",""price"":13}]}]}]"
"554270c6d9b6ce468f52620d60988b2e","boxing_boxing","Boxing","2024-12-31T22:59:00Z","Anthony Joshua","Deontay Wilder","[{""key"":""unibet_uk"",""title"":""Unibet"",""last_update"":""2024-05-27T12:07:06Z"",""markets"":[{""key"":""h2h"",""last_update"":""2024-05-27T12:07:06Z"",""outcomes"":[{""name"":""Anthony Joshua"",""price"":1.55},{""name"":""Deontay Wilder"",""price"":2.43},{""name"":""Draw"",""price"":18}]}]},{""key"":""grosvenor"",""title"":""Grosvenor"",""last_update"":""2024-05-27T12:07:44Z"",""markets"":[{""key"":""h2h"",""last_update"":""2024-05-27T12:07:44Z"",""outcomes"":[{""name"":""Anthony Joshua"",""price"":1.55},{""name"":""Deontay Wilder"",""price"":2.43},{""name"":""Draw"",""price"":18}]}]},{""key"":""leovegas"",""title"":""LeoVegas"",""last_update"":""2024-05-27T12:07:06Z"",""markets"":[{""key"":""h2h"",""last_update"":""2024-05-27T12:07:06Z"",""outcomes"":[{""name"":""Anthony Joshua"",""price"":1.54},{""name"":""Deontay Wilder"",""price"":2.35},{""name"":""Draw"",""price"":13}]}]}]"
"413b6fda7681b7b26d0f65909c34c702","boxing_boxing","Boxing","2024-12-31T22:59:00Z","Tyson Fury","Anthony Joshua","[{""key"":""coral"",""title"":""Coral"",""last_update"":""2024-05-27T12:07:17Z"",""markets"":[{""key"":""h2h"",""last_update"":""2024-05-27T12:07:17Z"",""outcomes"":[{""name"":""Anthony Joshua"",""price"":2.5},{""name"":""Tyson Fury"",""price"":1.57},{""name"":""Draw"",""price"":17}]}]},{""key"":""unibet_uk"",""title"":""Unibet"",""last_update"":""2024-05-27T12:07:06Z"",""markets"":[{""key"":""h2h"",""last_update"":""2024-05-27T12:07:06Z"",""outcomes"":[{""name"":""Anthony Joshua"",""price"":2.8},{""name"":""Tyson Fury"",""price"":1.42},{""name"":""Draw"",""price"":19}]}]},{""key"":""grosvenor"",""title"":""Grosvenor"",""last_update"":""2024-05-27T12:07:44Z"",""markets"":[{""key"":""h2h"",""last_update"":""2024-05-27T12:07:44Z"",""outcomes"":[{""name"":""Anthony Joshua"",""price"":2.8},{""name"":""Tyson Fury"",""price"":1.42},{""name"":""Draw"",""price"":19}]}]},{""key"":""leovegas"",""title"":""LeoVegas"",""last_update"":""2024-05-27T12:07:06Z"",""markets"":[{""key"":""h2h"",""last_update"":""2024-05-27T12:07:06Z"",""outcomes"":[{""name"":""Anthony Joshua"",""price"":2.7},{""name"":""Tyson Fury"",""price"":1.42},{""name"":""Draw"",""price"":14}]}]}]"
"6ab7ace9d8cc71b45a9220b22d996f3e","boxing_boxing","Boxing","2024-12-31T22:59:00Z","Canelo Álvarez","David Benavidez","[{""key"":""unibet_uk"",""title"":""Unibet"",""last_update"":""2024-05-27T12:07:06Z"",""markets"":[{""key"":""h2h"",""last_update"":""2024-05-27T12:07:06Z"",""outcomes"":[{""name"":""Canelo Álvarez"",""price"":1.49},{""name"":""David Benavidez"",""price"":2.55},{""name"":""Draw"",""price"":19}]}]},{""key"":""grosvenor"",""title"":""Grosvenor"",""last_update"":""2024-05-27T12:07:44Z"",""markets"":[{""key"":""h2h"",""last_update"":""2024-05-27T12:07:44Z"",""outcomes"":[{""name"":""Canelo Álvarez"",""price"":1.49},{""name"":""David Benavidez"",""price"":2.55},{""name"":""Draw"",""price"":19}]}]},{""key"":""leovegas"",""title"":""LeoVegas"",""last_update"":""2024-05-27T12:07:06Z"",""markets"":[{""key"":""h2h"",""last_update"":""2024-05-27T12:07:06Z"",""outcomes"":[{""name"":""Canelo Álvarez"",""price"":1.48},{""name"":""David Benavidez"",""price"":2.48},{""name"":""Draw"",""price"":14}]}]}]"
"bdd059dabc1b7d67ccd9e670a751d5a3","boxing_boxing","Boxing","2024-12-31T22:59:00Z","Katie Taylor","Chantelle Cameron","[{""key"":""unibet_uk"",""title"":""Unibet"",""last_update"":""2024-05-27T12:07:06Z"",""markets"":[{""key"":""h2h"",""last_update"":""2024-05-27T12:07:06Z"",""outcomes"":[{""name"":""Chantelle Cameron"",""price"":2.2},{""name"":""Katie Taylor"",""price"":1.65},{""name"":""Draw"",""price"":19}]}]},{""key"":""grosvenor"",""title"":""Grosvenor"",""last_update"":""2024-05-27T12:07:44Z"",""markets"":[{""key"":""h2h"",""last_update"":""2024-05-27T12:07:44Z"",""outcomes"":[{""name"":""Chantelle Cameron"",""price"":2.2},{""name"":""Katie Taylor"",""price"":1.65},{""name"":""Draw"",""price"":19}]}]},{""key"":""leovegas"",""title"":""LeoVegas"",""last_update"":""2024-05-27T12:07:06Z"",""markets"":[{""key"":""h2h"",""last_update"":""2024-05-27T12:07:06Z"",""outcomes"":[{""name"":""Chantelle Cameron"",""price"":2.14},{""name"":""Katie Taylor"",""price"":1.63},{""name"":""Draw"",""price"":14}]}]}]"
"6379cd4b96b7ef70fe3354ece2e89f6d","boxing_boxing","Boxing","2024-12-31T22:59:00Z","Deontay Wilder","Joe Joyce","[{""key"":""unibet_uk"",""title"":""Unibet"",""last_update"":""2024-05-27T12:07:06Z"",""markets"":[{""key"":""h2h"",""last_update"":""2024-05-27T12:07:06Z"",""outcomes"":[{""name"":""Deontay Wilder"",""price"":1.56},{""name"":""Joe Joyce"",""price"":2.38},{""name"":""Draw"",""price"":19}]}]},{""key"":""grosvenor"",""title"":""Grosvenor"",""last_update"":""2024-05-27T12:07:44Z"",""markets"":[{""key"":""h2h"",""last_update"":""2024-05-27T12:07:44Z"",""outcomes"":[{""name"":""Deontay Wilder"",""price"":1.56},{""name"":""Joe Joyce"",""price"":2.38},{""name"":""Draw"",""price"":19}]}]},{""key"":""leovegas"",""title"":""LeoVegas"",""last_update"":""2024-05-27T12:07:06Z"",""markets"":[{""key"":""h2h"",""last_update"":""2024-05-27T12:07:06Z"",""outcomes"":[{""name"":""Deontay Wilder"",""price"":1.56},{""name"":""Joe Joyce"",""price"":2.3},{""name"":""Draw"",""price"":14}]}]}]"
"2d1ea95e2e5b5bd1b19034a939cbb8dd","boxing_boxing","Boxing","2024-12-31T22:59:00Z","Terence Crawford","Errol Spence Jr","[{""key"":""unibet_uk"",""title"":""Unibet"",""last_update"":""2024-05-27T12:07:06Z"",""markets"":[{""key"":""h2h"",""last_update"":""2024-05-27T12:07:06Z"",""outcomes"":[{""name"":""Errol Spence Jr"",""price"":4.9},{""name"":""Terence Crawford"",""price"":1.18},{""name"":""Draw"",""price"":19}]}]},{""key"":""grosvenor"",""title"":""Grosvenor"",""last_update"":""2024-05-27T12:07:44Z"",""markets"":[{""key"":""h2h"",""last_update"":""2024-05-27T12:07:44Z"",""outcomes"":[{""name"":""Errol Spence Jr"",""price"":4.9},{""name"":""Terence Crawford"",""price"":1.18},{""name"":""Draw"",""price"":19}]}]},{""key"":""leovegas"",""title"":""LeoVegas"",""last_update"":""2024-05-27T12:07:06Z"",""markets"":[{""key"":""h2h"",""last_update"":""2024-05-27T12:07:06Z"",""outcomes"":[{""name"":""Errol Spence Jr"",""price"":4.4},{""name"":""Terence Crawford"",""price"":1.18},{""name"":""Draw"",""price"":14}]}]}]"
"54d9b5cf8497bc88eec6c2ad2b8edd9e","boxing_boxing","Boxing","2024-12-31T22:59:00Z","Tyson Fury","Francis Ngannou","[{""key"":""unibet_uk"",""title"":""Unibet"",""last_update"":""2024-05-27T12:07:06Z"",""markets"":[{""key"":""h2h"",""last_update"":""2024-05-27T12:07:06Z"",""outcomes"":[{""name"":""Francis Ngannou"",""price"":3.3},{""name"":""Tyson Fury"",""price"":1.32},{""name"":""Draw"",""price"":19}]}]},{""key"":""grosvenor"",""title"":""Grosvenor"",""last_update"":""2024-05-27T12:07:44Z"",""markets"":[{""key"":""h2h"",""last_update"":""2024-05-27T12:07:44Z"",""outcomes"":[{""name"":""Francis Ngannou"",""price"":3.3},{""name"":""Tyson Fury"",""price"":1.32},{""name"":""Draw"",""price"":19}]}]},{""key"":""leovegas"",""title"":""LeoVegas"",""last_update"":""2024-05-27T12:07:06Z"",""markets"":[{""key"":""h2h"",""last_update"":""2024-05-27T12:07:06Z"",""outcomes"":[{""name"":""Francis Ngannou"",""price"":3.1},{""name"":""Tyson Fury"",""price"":1.32},{""name"":""Draw"",""price"":14}]}]}]"
"cbc3ea3208528acb29e1589184bb82b0","boxing_boxing","Boxing","2024-12-31T22:59:00Z","Gervonta Davis","Shakur Stevenson","[{""key"":""unibet_uk"",""title"":""Unibet"",""last_update"":""2024-05-27T12:07:06Z"",""markets"":[{""key"":""h2h"",""last_update"":""2024-05-27T12:07:06Z"",""outcomes"":[{""name"":""Gervonta Davis"",""price"":1.36},{""name"":""Shakur Stevenson"",""price"":3.1},{""name"":""Draw"",""price"":19}]}]},{""key"":""grosvenor"",""title"":""Grosvenor"",""last_update"":""2024-05-27T12:07:44Z"",""markets"":[{""key"":""h2h"",""last_update"":""2024-05-27T12:07:44Z"",""outcomes"":[{""name"":""Gervonta Davis"",""price"":1.36},{""name"":""Shakur Stevenson"",""price"":3.1},{""name"":""Draw"",""price"":19}]}]},{""key"":""leovegas"",""title"":""LeoVegas"",""last_update"":""2024-05-27T12:07:06Z"",""markets"":[{""key"":""h2h"",""last_update"":""2024-05-27T12:07:06Z"",""outcomes"":[{""name"":""Gervonta Davis"",""price"":1.36},{""name"":""Shakur Stevenson"",""price"":2.95},{""name"":""Draw"",""price"":14}]}]}]"
"52eb5a1c1d85d737ac3083ee1b24cc45","boxing_boxing","Boxing","2024-12-31T22:59:00Z","Naoya Inoue","Jesse Rodriguez","[{""key"":""unibet_uk"",""title"":""Unibet"",""last_update"":""2024-05-27T12:07:06Z"",""markets"":[{""key"":""h2h"",""last_update"":""2024-05-27T12:07:06Z"",""outcomes"":[{""name"":""Jesse Rodriguez"",""price"":4.9},{""name"":""Naoya Inoue"",""price"":1.18},{""name"":""Draw"",""price"":19}]}]},{""key"":""grosvenor"",""title"":""Grosvenor"",""last_update"":""2024-05-27T12:07:44Z"",""markets"":[{""key"":""h2h"",""last_update"":""2024-05-27T12:07:44Z"",""outcomes"":[{""name"":""Jesse Rodriguez"",""price"":4.9},{""name"":""Naoya Inoue"",""price"":1.18},{""name"":""Draw"",""price"":19}]}]},{""key"":""leovegas"",""title"":""LeoVegas"",""last_update"":""2024-05-27T12:07:06Z"",""markets"":[{""key"":""h2h"",""last_update"":""2024-05-27T12:07:06Z"",""outcomes"":[{""name"":""Jesse Rodriguez"",""price"":4.4},{""name"":""Naoya Inoue"",""price"":1.18},{""name"":""Draw"",""price"":14}]}]}]"
"e04fd668e2fc9452a4cec8e4b6944b50","boxing_boxing","Boxing","2024-12-31T22:59:00Z","Oleksandr Usyk","Tyson Fury","[{""key"":""unibet_uk"",""title"":""Unibet"",""last_update"":""2024-05-27T12:07:06Z"",""markets"":[{""key"":""h2h"",""last_update"":""2024-05-27T12:07:06Z"",""outcomes"":[{""name"":""Oleksandr Usyk"",""price"":1.64},{""name"":""Tyson Fury"",""price"":2.23},{""name"":""Draw"",""price"":19}]}]},{""key"":""grosvenor"",""title"":""Grosvenor"",""last_update"":""2024-05-27T12:07:44Z"",""markets"":[{""key"":""h2h"",""last_update"":""2024-05-27T12:07:44Z"",""outcomes"":[{""name"":""Oleksandr Usyk"",""price"":1.64},{""name"":""Tyson Fury"",""price"":2.23},{""name"":""Draw"",""price"":19}]}]},{""key"":""leovegas"",""title"":""LeoVegas"",""last_update"":""2024-05-27T12:07:06Z"",""markets"":[{""key"":""h2h"",""last_update"":""2024-05-27T12:07:06Z"",""outcomes"":[{""name"":""Oleksandr Usyk"",""price"":1.62},{""name"":""Tyson Fury"",""price"":2.17},{""name"":""Draw"",""price"":14}]}]}]"